currencies,Buy,Sell,Scrape_time
US Dollar,48.0746,48.1746,2025-09-27
Euro,56.4492,56.5714,2025-09-27
Pound Sterling,64.5786,64.7225,2025-09-27
Swiss Franc,60.3876,60.5436,2025-09-27
Japanese Yen 100,32.293,32.3623,2025-09-27
Saudi Riyal,12.8175,12.8448,2025-09-27
Kuwaiti Dinar,157.3739,157.7529,2025-09-27
UAE Dirham,13.0879,13.1166,2025-09-27
Chinese yuan,6.7477,6.7631,2025-09-27
US Dollar,48.0746,48.1746,2025-09-28
Euro,56.4492,56.5714,2025-09-28
Pound Sterling,64.5786,64.7225,2025-09-28
Swiss Franc,60.3876,60.5436,2025-09-28
Japanese Yen 100,32.293,32.3623,2025-09-28
Saudi Riyal,12.8175,12.8448,2025-09-28
Kuwaiti Dinar,157.3739,157.7529,2025-09-28
UAE Dirham,13.0879,13.1166,2025-09-28
Chinese yuan,6.7477,6.7631,2025-09-28
US Dollar,48.1026,48.2026,2025-09-29
Euro,56.2849,56.4116,2025-09-29
Pound Sterling,64.4575,64.6349,2025-09-29
Swiss Franc,60.2715,60.4422,2025-09-29
Japanese Yen 100,32.1714,32.2447,2025-09-29
Saudi Riyal,12.8253,12.8527,2025-09-29
Kuwaiti Dinar,157.6361,158.0156,2025-09-29
UAE Dirham,13.0966,13.1257,2025-09-29
Chinese yuan,6.7421,6.7579,2025-09-29
US Dollar,48.0068,48.0774,2025-09-30
Euro,56.2783,56.3707,2025-09-30
Pound Sterling,64.4971,64.6112,2025-09-30
Swiss Franc,60.2873,60.4063,2025-09-30
Japanese Yen 100,32.3169,32.3731,2025-09-30
Saudi Riyal,12.7998,12.8193,2025-09-30
Kuwaiti Dinar,157.3734,157.6565,2025-09-30
UAE Dirham,13.0688,13.0908,2025-09-30
Chinese yuan,6.7436,6.7544,2025-09-30
US Dollar,47.8306,47.9306,2025-10-01
Euro,56.1435,56.2657,2025-10-01
Pound Sterling,64.246,64.3852,2025-10-01
Swiss Franc,59.9156,60.0935,2025-10-01
Japanese Yen 100,32.3092,32.379,2025-10-01
Saudi Riyal,12.7535,12.7808,2025-10-01
Kuwaiti Dinar,156.4983,156.9025,2025-10-01
UAE Dirham,13.0211,13.0501,2025-10-01
Chinese yuan,6.7177,6.7328,2025-10-01
US Dollar,47.8097,47.9088,2025-10-02
Euro,56.0904,56.2306,2025-10-02
Pound Sterling,64.4571,64.6146,2025-10-02
Swiss Franc,59.942,60.0737,2025-10-02
Japanese Yen 100,32.5103,32.5866,2025-10-02
Saudi Riyal,12.7479,12.775,2025-10-02
Kuwaiti Dinar,156.4659,156.8209,2025-10-02
UAE Dirham,13.0155,13.0442,2025-10-02
Chinese yuan,6.7148,6.7297,2025-10-02
US Dollar,47.72,47.8194,2025-10-03
Euro,56.0805,56.2022,2025-10-03
Pound Sterling,64.2884,64.4606,2025-10-03
Swiss Franc,59.9573,60.1124,2025-10-03
Japanese Yen 100,32.5068,32.579,2025-10-03
Saudi Riyal,12.724,12.7512,2025-10-03
Kuwaiti Dinar,156.1672,156.5694,2025-10-03
UAE Dirham,12.9914,13.0199,2025-10-03
Chinese yuan,6.7022,6.7172,2025-10-03
US Dollar,47.72,47.8194,2025-10-04
Euro,56.0805,56.2022,2025-10-04
Pound Sterling,64.2884,64.4606,2025-10-04
Swiss Franc,59.9573,60.1124,2025-10-04
Japanese Yen 100,32.5068,32.579,2025-10-04
Saudi Riyal,12.724,12.7512,2025-10-04
Kuwaiti Dinar,156.1672,156.5694,2025-10-04
UAE Dirham,12.9914,13.0199,2025-10-04
Chinese yuan,6.7022,6.7172,2025-10-04
US Dollar,47.72,47.8194,2025-10-05
Euro,56.0805,56.2022,2025-10-05
Pound Sterling,64.2884,64.4606,2025-10-05
Swiss Franc,59.9573,60.1124,2025-10-05
Japanese Yen 100,32.5068,32.579,2025-10-05
Saudi Riyal,12.724,12.7512,2025-10-05
Kuwaiti Dinar,156.1672,156.5694,2025-10-05
UAE Dirham,12.9914,13.0199,2025-10-05
Chinese yuan,6.7022,6.7172,2025-10-05
US Dollar,47.5849,47.6849,2025-10-06
Euro,55.8694,56.0011,2025-10-06
Pound Sterling,64.1349,64.284,2025-10-06
Swiss Franc,59.8251,59.9583,2025-10-06
Japanese Yen 100,32.2675,32.3419,2025-10-06
Saudi Riyal,12.6876,12.7153,2025-10-06
Kuwaiti Dinar,156.0671,156.4464,2025-10-06
UAE Dirham,12.9557,12.9847,2025-10-06
Chinese yuan,6.6832,6.6983,2025-10-06
US Dollar,47.5663,47.6663,2025-10-07
Euro,55.5194,55.6456,2025-10-07
Pound Sterling,63.8577,64.0111,2025-10-07
Swiss Franc,59.577,59.7322,2025-10-07
Japanese Yen 100,31.6307,31.7078,2025-10-07
Saudi Riyal,12.682,12.7097,2025-10-07
Kuwaiti Dinar,155.5979,156.0271,2025-10-07
UAE Dirham,12.9495,12.9778,2025-10-07
Chinese yuan,6.6806,6.6956,2025-10-07
US Dollar,47.51,47.61,2025-10-08
Euro,55.3919,55.5133,2025-10-08
Pound Sterling,63.6919,63.8307,2025-10-08
Swiss Franc,59.514,59.6467,2025-10-08
Japanese Yen 100,31.4886,31.5632,2025-10-08
Saudi Riyal,12.6656,12.693,2025-10-08
Kuwaiti Dinar,155.0537,155.4561,2025-10-08
UAE Dirham,12.9342,12.9625,2025-10-08
Chinese yuan,6.6727,6.6877,2025-10-08
US Dollar,47.5037,47.6026,2025-10-09
Euro,55.2373,55.357,2025-10-09
Pound Sterling,63.6597,63.8112,2025-10-09
Swiss Franc,59.3722,59.5181,2025-10-09
Japanese Yen 100,31.1031,31.1698,2025-10-09
Saudi Riyal,12.6636,12.6906,2025-10-09
Kuwaiti Dinar,155.4695,155.8441,2025-10-09
UAE Dirham,12.9329,12.9605,2025-10-09
Chinese yuan,6.6718,6.6867,2025-10-09
US Dollar,47.5037,47.6026,2025-10-10
Euro,55.2373,55.357,2025-10-10
Pound Sterling,63.6597,63.8112,2025-10-10
Swiss Franc,59.3722,59.5181,2025-10-10
Japanese Yen 100,31.1031,31.1698,2025-10-10
Saudi Riyal,12.6636,12.6906,2025-10-10
Kuwaiti Dinar,155.4695,155.8441,2025-10-10
UAE Dirham,12.9329,12.9605,2025-10-10
Chinese yuan,6.6718,6.6867,2025-10-10
US Dollar,47.5037,47.6026,2025-10-11
Euro,55.2373,55.357,2025-10-11
Pound Sterling,63.6597,63.8112,2025-10-11
Swiss Franc,59.3722,59.5181,2025-10-11
Japanese Yen 100,31.1031,31.1698,2025-10-11
Saudi Riyal,12.6636,12.6906,2025-10-11
Kuwaiti Dinar,155.4695,155.8441,2025-10-11
UAE Dirham,12.9329,12.9605,2025-10-11
Chinese yuan,6.6718,6.6867,2025-10-11
US Dollar,47.5037,47.6026,2025-10-12
Euro,55.2373,55.357,2025-10-12
Pound Sterling,63.6597,63.8112,2025-10-12
Swiss Franc,59.3722,59.5181,2025-10-12
Japanese Yen 100,31.1031,31.1698,2025-10-12
Saudi Riyal,12.6636,12.6906,2025-10-12
Kuwaiti Dinar,155.4695,155.8441,2025-10-12
UAE Dirham,12.9329,12.9605,2025-10-12
Chinese yuan,6.6718,6.6867,2025-10-12
US Dollar,47.8359,47.9359,2025-10-13
Euro,55.5757,55.7111,2025-10-13
Pound Sterling,63.8992,64.0471,2025-10-13
Swiss Franc,59.8397,60.0024,2025-10-13
Japanese Yen 100,31.6375,31.7141,2025-10-13
Saudi Riyal,12.7542,12.7815,2025-10-13
Kuwaiti Dinar,156.5566,156.9353,2025-10-13
UAE Dirham,13.024,13.053,2025-10-13
Chinese yuan,6.7029,6.7194,2025-10-13
US Dollar,47.6562,47.7562,2025-10-14
Euro,55.1954,55.316,2025-10-14
Pound Sterling,63.5638,63.702,2025-10-14
Swiss Franc,59.296,59.4426,2025-10-14
Japanese Yen 100,31.3383,31.4061,2025-10-14
Saudi Riyal,12.707,12.7343,2025-10-14
Kuwaiti Dinar,155.2976,155.6641,2025-10-14
UAE Dirham,12.9744,13.0023,2025-10-14
Chinese yuan,6.6819,6.696,2025-10-14
US Dollar,47.6621,47.7609,2025-10-15
Euro,55.0735,55.1925,2025-10-15
Pound Sterling,63.2237,63.3596,2025-10-15
Swiss Franc,59.237,59.3967,2025-10-15
Japanese Yen 100,31.3381,31.4113,2025-10-15
Saudi Riyal,12.7085,12.7356,2025-10-15
Kuwaiti Dinar,155.2156,155.578,2025-10-15
UAE Dirham,12.9756,13.0036,2025-10-15
Chinese yuan,6.6749,6.6899,2025-10-15
US Dollar,47.5947,47.6947,2025-10-16
Euro,55.3336,55.4594,2025-10-16
Pound Sterling,63.5532,63.7058,2025-10-16
Swiss Franc,59.4414,59.596,2025-10-16
Japanese Yen 100,31.4281,31.5024,2025-10-16
Saudi Riyal,12.6902,12.7176,2025-10-16
Kuwaiti Dinar,155.0114,155.413,2025-10-16
UAE Dirham,12.9576,12.9856,2025-10-16
Chinese yuan,6.6786,6.6928,2025-10-16
US Dollar,47.5411,47.6417,2025-10-17
Euro,55.3759,55.4978,2025-10-17
Pound Sterling,63.8002,63.9733,2025-10-17
Swiss Franc,59.6352,59.7913,2025-10-17
Japanese Yen 100,31.4488,31.5258,2025-10-17
Saudi Riyal,12.6756,12.7031,2025-10-17
Kuwaiti Dinar,155.4292,155.7988,2025-10-17
UAE Dirham,12.9431,12.9711,2025-10-17
Chinese yuan,6.6723,6.6873,2025-10-17
US Dollar,47.5411,47.6417,2025-10-18
Euro,55.3759,55.4978,2025-10-18
Pound Sterling,63.8002,63.9733,2025-10-18
Swiss Franc,59.6352,59.7913,2025-10-18
Japanese Yen 100,31.4488,31.5258,2025-10-18
Saudi Riyal,12.6756,12.7031,2025-10-18
Kuwaiti Dinar,155.4292,155.7988,2025-10-18
UAE Dirham,12.9431,12.9711,2025-10-18
Chinese yuan,6.6723,6.6873,2025-10-18
US Dollar,47.5411,47.6417,2025-10-19
Euro,55.3759,55.4978,2025-10-19
Pound Sterling,63.8002,63.9733,2025-10-19
Swiss Franc,59.6352,59.7913,2025-10-19
Japanese Yen 100,31.4488,31.5258,2025-10-19
Saudi Riyal,12.6756,12.7031,2025-10-19
Kuwaiti Dinar,155.4292,155.7988,2025-10-19
UAE Dirham,12.9431,12.9711,2025-10-19
Chinese yuan,6.6723,6.6873,2025-10-19
US Dollar,47.5121,47.6121,2025-10-20
Euro,55.3563,55.4776,2025-10-20
Pound Sterling,63.7802,63.9287,2025-10-20
Swiss Franc,59.8992,60.048,2025-10-20
Japanese Yen 100,31.538,31.6107,2025-10-20
Saudi Riyal,12.6679,12.6952,2025-10-20
Kuwaiti Dinar,155.2529,155.656,2025-10-20
UAE Dirham,12.9358,12.9648,2025-10-20
Chinese yuan,6.6658,6.6811,2025-10-20
US Dollar,47.4444,47.5435,2025-10-21
Euro,55.2585,55.3835,2025-10-21
Pound Sterling,63.5755,63.7464,2025-10-21
Swiss Franc,59.7913,59.9464,2025-10-21
Japanese Yen 100,31.4535,31.5213,2025-10-21
Saudi Riyal,12.6495,12.6766,2025-10-21
Kuwaiti Dinar,154.9914,155.3659,2025-10-21
UAE Dirham,12.9167,12.9444,2025-10-21
Chinese yuan,6.6601,6.6746,2025-10-21
US Dollar,47.5044,47.6044,2025-10-22
Euro,55.2001,55.3211,2025-10-22
Pound Sterling,63.5942,63.7471,2025-10-22
Swiss Franc,59.7841,59.9401,2025-10-22
Japanese Yen 100,31.2735,31.3414,2025-10-22
Saudi Riyal,12.6662,12.6935,2025-10-22
Kuwaiti Dinar,155.0456,155.4125,2025-10-22
UAE Dirham,12.9331,12.961,2025-10-22
Chinese yuan,6.6731,6.6876,2025-10-22
US Dollar,47.5049,47.6049,2025-10-23
Euro,55.0249,55.1502,2025-10-23
Pound Sterling,63.2765,63.4287,2025-10-23
Swiss Franc,59.642,59.7901,2025-10-23
Japanese Yen 100,31.3006,31.3685,2025-10-23
Saudi Riyal,12.6663,12.6936,2025-10-23
Kuwaiti Dinar,154.9105,155.2872,2025-10-23
UAE Dirham,12.9332,12.9611,2025-10-23
Chinese yuan,6.6672,6.6816,2025-10-23
US Dollar,47.5429,47.6429,2025-10-24
Euro,55.088,55.2134,2025-10-24
Pound Sterling,63.389,63.5414,2025-10-24
Swiss Franc,59.5403,59.673,2025-10-24
Japanese Yen 100,31.1247,31.1922,2025-10-24
Saudi Riyal,12.6758,12.7031,2025-10-24
Kuwaiti Dinar,155.0347,155.4115,2025-10-24
UAE Dirham,12.9435,12.9715,2025-10-24
Chinese yuan,6.6727,6.6877,2025-10-24
US Dollar,47.5429,47.6429,2025-10-25
Euro,55.088,55.2134,2025-10-25
Pound Sterling,63.389,63.5414,2025-10-25
Swiss Franc,59.5403,59.673,2025-10-25
Japanese Yen 100,31.1247,31.1922,2025-10-25
Saudi Riyal,12.6758,12.7031,2025-10-25
Kuwaiti Dinar,155.0347,155.4115,2025-10-25
UAE Dirham,12.9435,12.9715,2025-10-25
Chinese yuan,6.6727,6.6877,2025-10-25
US Dollar,47.5429,47.6429,2025-10-26
Euro,55.088,55.2134,2025-10-26
Pound Sterling,63.389,63.5414,2025-10-26
Swiss Franc,59.5403,59.673,2025-10-26
Japanese Yen 100,31.1247,31.1922,2025-10-26
Saudi Riyal,12.6758,12.7031,2025-10-26
Kuwaiti Dinar,155.0347,155.4115,2025-10-26
UAE Dirham,12.9435,12.9715,2025-10-26
Chinese yuan,6.6727,6.6877,2025-10-26
US Dollar,47.4714,47.5714,2025-10-27
Euro,55.1855,55.3113,2025-10-27
Pound Sterling,63.1797,63.3509,2025-10-27
Swiss Franc,59.6375,59.8082,2025-10-27
Japanese Yen 100,31.0494,31.1229,2025-10-27
Saudi Riyal,12.657,12.6847,2025-10-27
Kuwaiti Dinar,154.8166,155.1934,2025-10-27
UAE Dirham,12.9248,12.9538,2025-10-27
Chinese yuan,6.6655,6.6803,2025-10-27
US Dollar,47.382,47.482,2025-10-28
Euro,55.1669,55.288,2025-10-28
Pound Sterling,63.2218,63.36,2025-10-28
Swiss Franc,59.5326,59.6882,2025-10-28
Japanese Yen 100,31.0153,31.0888,2025-10-28
Saudi Riyal,12.6345,12.6619,2025-10-28
Kuwaiti Dinar,154.53,154.9067,2025-10-28
UAE Dirham,12.8997,12.9277,2025-10-28
Chinese yuan,6.6685,6.6831,2025-10-28
US Dollar,47.3097,47.4097,2025-10-29
Euro,55.1395,55.2655,2025-10-29
Pound Sterling,62.9503,63.1071,2025-10-29
Swiss Franc,59.5315,59.6874,2025-10-29
Japanese Yen 100,31.1269,31.1947,2025-10-29
Saudi Riyal,12.6152,12.6426,2025-10-29
Kuwaiti Dinar,154.2993,154.6759,2025-10-29
UAE Dirham,12.88,12.908,2025-10-29
Chinese yuan,6.6635,6.6778,2025-10-29
US Dollar,47.2526,47.3521,2025-10-30
Euro,54.969,55.0894,2025-10-30
Pound Sterling,62.4396,62.59,2025-10-30
Swiss Franc,59.251,59.4054,2025-10-30
Japanese Yen 100,31.0179,31.0913,2025-10-30
Saudi Riyal,12.5997,12.6269,2025-10-30
Kuwaiti Dinar,154.078,154.4525,2025-10-30
UAE Dirham,12.8642,12.8923,2025-10-30
Chinese yuan,6.6555,6.6698,2025-10-30
US Dollar,47.1714,47.2703,2025-10-31
Euro,54.7189,54.8477,2025-10-31
Pound Sterling,62.1531,62.2928,2025-10-31
Swiss Franc,58.9127,59.0731,2025-10-31
Japanese Yen 100,30.6228,30.689,2025-10-31
Saudi Riyal,12.5777,12.6047,2025-10-31
Kuwaiti Dinar,153.8784,154.2512,2025-10-31
UAE Dirham,12.8424,12.87,2025-10-31
Chinese yuan,6.6322,6.6467,2025-10-31
US Dollar,47.1714,47.2703,2025-11-01
Euro,54.7189,54.8477,2025-11-01
Pound Sterling,62.1531,62.2928,2025-11-01
Swiss Franc,58.9127,59.0731,2025-11-01
Japanese Yen 100,30.6228,30.689,2025-11-01
Saudi Riyal,12.5777,12.6047,2025-11-01
Kuwaiti Dinar,153.8784,154.2512,2025-11-01
UAE Dirham,12.8424,12.87,2025-11-01
Chinese yuan,6.6322,6.6467,2025-11-01
US Dollar,47.1714,47.2703,2025-11-02
Euro,54.7189,54.8477,2025-11-02
Pound Sterling,62.1531,62.2928,2025-11-02
Swiss Franc,58.9127,59.0731,2025-11-02
Japanese Yen 100,30.6228,30.689,2025-11-02
Saudi Riyal,12.5777,12.6047,2025-11-02
Kuwaiti Dinar,153.8784,154.2512,2025-11-02
UAE Dirham,12.8424,12.87,2025-11-02
Chinese yuan,6.6322,6.6467,2025-11-02
US Dollar,47.183,47.282,2025-11-03
Euro,54.4209,54.5492,2025-11-03
Pound Sterling,62.0221,62.1758,2025-11-03
Swiss Franc,58.627,58.7938,2025-11-03
Japanese Yen 100,30.6363,30.7026,2025-11-03
Saudi Riyal,12.5808,12.6079,2025-11-03
Kuwaiti Dinar,153.6005,154.0733,2025-11-03
UAE Dirham,12.8463,12.875,2025-11-03
Chinese yuan,6.6288,6.6436,2025-11-03
US Dollar,47.1963,47.2963,2025-11-04
Euro,54.3654,54.4901,2025-11-04
Pound Sterling,62.0065,62.1757,2025-11-04
Swiss Franc,58.4547,58.6148,2025-11-04
Japanese Yen 100,30.6151,30.682,2025-11-04
Saudi Riyal,12.5837,12.611,2025-11-04
Kuwaiti Dinar,153.5788,153.9442,2025-11-04
UAE Dirham,12.8474,12.8781,2025-11-04
Chinese yuan,6.6272,6.6418,2025-11-04
US Dollar,47.3134,47.4134,2025-11-05
Euro,54.3253,54.4496,2025-11-05
Pound Sterling,61.7771,61.9267,2025-11-05
Swiss Franc,58.3972,58.5496,2025-11-05
Japanese Yen 100,30.803,30.8701,2025-11-05
Saudi Riyal,12.6156,12.6429,2025-11-05
Kuwaiti Dinar,153.8748,154.2502,2025-11-05
UAE Dirham,12.8811,12.909,2025-11-05
Chinese yuan,6.6395,6.6549,2025-11-05
US Dollar,47.3591,47.4591,2025-11-06
Euro,54.4109,54.5306,2025-11-06
Pound Sterling,61.7374,61.8867,2025-11-06
Swiss Franc,58.4464,58.606,2025-11-06
Japanese Yen 100,30.8107,30.8778,2025-11-06
Saudi Riyal,12.6271,12.6544,2025-11-06
Kuwaiti Dinar,154.0636,154.4291,2025-11-06
UAE Dirham,12.8935,12.9214,2025-11-06
Chinese yuan,6.6446,6.6592,2025-11-06
US Dollar,47.2962,47.3953,2025-11-07
Euro,54.5514,54.6705,2025-11-07
Pound Sterling,61.9343,62.0973,2025-11-07
Swiss Franc,58.5421,58.6939,2025-11-07
Japanese Yen 100,30.7938,30.8603,2025-11-07
Saudi Riyal,12.61,12.6371,2025-11-07
Kuwaiti Dinar,154.009,154.3821,2025-11-07
UAE Dirham,12.8753,12.9058,2025-11-07
Chinese yuan,6.6424,6.6567,2025-11-07
US Dollar,47.2962,47.3953,2025-11-08
Euro,54.5514,54.6705,2025-11-08
Pound Sterling,61.9343,62.0973,2025-11-08
Swiss Franc,58.5421,58.6939,2025-11-08
Japanese Yen 100,30.7938,30.8603,2025-11-08
Saudi Riyal,12.61,12.6371,2025-11-08
Kuwaiti Dinar,154.009,154.3821,2025-11-08
UAE Dirham,12.8753,12.9058,2025-11-08
Chinese yuan,6.6424,6.6567,2025-11-08
US Dollar,47.2962,47.3953,2025-11-09
Euro,54.5514,54.6705,2025-11-09
Pound Sterling,61.9343,62.0973,2025-11-09
Swiss Franc,58.5421,58.6939,2025-11-09
Japanese Yen 100,30.7938,30.8603,2025-11-09
Saudi Riyal,12.61,12.6371,2025-11-09
Kuwaiti Dinar,154.009,154.3821,2025-11-09
UAE Dirham,12.8753,12.9058,2025-11-09
Chinese yuan,6.6424,6.6567,2025-11-09
US Dollar,47.286,47.386,2025-11-10
Euro,54.6863,54.8114,2025-11-10
Pound Sterling,62.2142,62.3837,2025-11-10
Swiss Franc,58.7039,58.8792,2025-11-10
Japanese Yen 100,30.8152,30.8905,2025-11-10
Saudi Riyal,12.6072,12.6346,2025-11-10
Kuwaiti Dinar,154.011,154.387,2025-11-10
UAE Dirham,12.8743,12.9033,2025-11-10
Chinese yuan,6.6382,6.6536,2025-11-10
US Dollar,47.2106,47.3106,2025-11-11
Euro,54.6132,54.7336,2025-11-11
Pound Sterling,62.2141,62.3837,2025-11-11
Swiss Franc,58.6103,58.7417,2025-11-11
Japanese Yen 100,30.6264,30.6992,2025-11-11
Saudi Riyal,12.5875,12.6148,2025-11-11
Kuwaiti Dinar,153.7053,154.071,2025-11-11
UAE Dirham,12.8531,12.881,2025-11-11
Chinese yuan,6.6308,6.6455,2025-11-11
US Dollar,47.1685,47.2685,2025-11-12
Euro,54.5834,54.7086,2025-11-12
Pound Sterling,62.0219,62.1628,2025-11-12
Swiss Franc,58.8136,58.9677,2025-11-12
Japanese Yen 100,30.5793,30.6461,2025-11-12
Saudi Riyal,12.5763,12.6036,2025-11-12
Kuwaiti Dinar,153.5684,153.9341,2025-11-12
UAE Dirham,12.842,12.8727,2025-11-12
Chinese yuan,6.6254,6.6398,2025-11-12
US Dollar,47.1794,47.2794,2025-11-13
Euro,54.6196,54.7448,2025-11-13
Pound Sterling,61.8664,62.0164,2025-11-13
Swiss Franc,59.0481,59.2029,2025-11-13
Japanese Yen 100,30.4816,30.5541,2025-11-13
Saudi Riyal,12.5795,12.6068,2025-11-13
Kuwaiti Dinar,153.5738,153.9494,2025-11-13
UAE Dirham,12.8446,12.8725,2025-11-13
Chinese yuan,6.6287,6.6441,2025-11-13
US Dollar,47.1376,47.2359,2025-11-14
Euro,54.7457,54.8645,2025-11-14
Pound Sterling,62.0567,62.2097,2025-11-14
Swiss Franc,59.2479,59.3789,2025-11-14
Japanese Yen 100,30.4704,30.5359,2025-11-14
Saudi Riyal,12.5697,12.5966,2025-11-14
Kuwaiti Dinar,153.6329,154.0035,2025-11-14
UAE Dirham,12.8332,12.8607,2025-11-14
Chinese yuan,6.6423,6.657,2025-11-14
US Dollar,47.1376,47.2359,2025-11-15
Euro,54.7457,54.8645,2025-11-15
Pound Sterling,62.0567,62.2097,2025-11-15
Swiss Franc,59.2479,59.3789,2025-11-15
Japanese Yen 100,30.4704,30.5359,2025-11-15
Saudi Riyal,12.5697,12.5966,2025-11-15
Kuwaiti Dinar,153.6329,154.0035,2025-11-15
UAE Dirham,12.8332,12.8607,2025-11-15
Chinese yuan,6.6423,6.657,2025-11-15
US Dollar,47.1376,47.2359,2025-11-16
Euro,54.7457,54.8645,2025-11-16
Pound Sterling,62.0567,62.2097,2025-11-16
Swiss Franc,59.2479,59.3789,2025-11-16
Japanese Yen 100,30.4704,30.5359,2025-11-16
Saudi Riyal,12.5697,12.5966,2025-11-16
Kuwaiti Dinar,153.6329,154.0035,2025-11-16
UAE Dirham,12.8332,12.8607,2025-11-16
Chinese yuan,6.6423,6.657,2025-11-16
US Dollar,47.09,47.1886,2025-11-17
Euro,54.7186,54.8426,2025-11-17
Pound Sterling,62.0081,62.1804,2025-11-17
Swiss Franc,59.2924,59.4539,2025-11-17
Japanese Yen 100,30.4691,30.5349,2025-11-17
Saudi Riyal,12.555,12.5819,2025-11-17
Kuwaiti Dinar,153.4226,153.7939,2025-11-17
UAE Dirham,12.8209,12.8495,2025-11-17
Chinese yuan,6.6325,6.647,2025-11-17
US Dollar,47.1065,47.205,2025-11-18
Euro,54.7,54.8192,2025-11-18
Pound Sterling,62.0392,62.1737,2025-11-18
Swiss Franc,59.3654,59.4971,2025-11-18
Japanese Yen 100,30.4423,30.5159,2025-11-18
Saudi Riyal,12.5607,12.5877,2025-11-18
Kuwaiti Dinar,153.5663,153.9377,2025-11-18
UAE Dirham,12.823,12.8533,2025-11-18
Chinese yuan,6.6307,6.6448,2025-11-18
US Dollar,47.1235,47.2235,2025-11-19
Euro,54.6115,54.7368,2025-11-19
Pound Sterling,61.9533,62.1037,2025-11-19
Swiss Franc,59.1633,59.3111,2025-11-19
Japanese Yen 100,30.3572,30.4236,2025-11-19
Saudi Riyal,12.5649,12.5923,2025-11-19
Kuwaiti Dinar,153.5268,153.9028,2025-11-19
UAE Dirham,12.8294,12.8573,2025-11-19
Chinese yuan,6.6264,6.6415,2025-11-19
US Dollar,47.3418,47.4418,2025-11-20
Euro,54.836,54.9565,2025-11-20
Pound Sterling,62.0982,62.2483,2025-11-20
Swiss Franc,59.037,59.1912,2025-11-20
Japanese Yen 100,30.3026,30.3686,2025-11-20
Saudi Riyal,12.6231,12.6505,2025-11-20
Kuwaiti Dinar,154.1023,154.4781,2025-11-20
UAE Dirham,12.8888,12.9167,2025-11-20
Chinese yuan,6.6575,6.6725,2025-11-20
US Dollar,47.4035,47.5035,2025-11-21
Euro,54.5709,54.6908,2025-11-21
Pound Sterling,61.8948,62.0444,2025-11-21
Swiss Franc,58.6895,58.8425,2025-11-21
Japanese Yen 100,30.0688,30.1342,2025-11-21
Saudi Riyal,12.6393,12.6666,2025-11-21
Kuwaiti Dinar,154.1779,154.5534,2025-11-21
UAE Dirham,12.9056,12.9363,2025-11-21
Chinese yuan,6.663,6.6775,2025-11-21
US Dollar,47.4035,47.5035,2025-11-22
Euro,54.5709,54.6908,2025-11-22
Pound Sterling,61.8948,62.0444,2025-11-22
Swiss Franc,58.6895,58.8425,2025-11-22
Japanese Yen 100,30.0688,30.1342,2025-11-22
Saudi Riyal,12.6393,12.6666,2025-11-22
Kuwaiti Dinar,154.1779,154.5534,2025-11-22
UAE Dirham,12.9056,12.9363,2025-11-22
Chinese yuan,6.663,6.6775,2025-11-22
US Dollar,47.4035,47.5035,2025-11-23
Euro,54.5709,54.6908,2025-11-23
Pound Sterling,61.8948,62.0444,2025-11-23
Swiss Franc,58.6895,58.8425,2025-11-23
Japanese Yen 100,30.0688,30.1342,2025-11-23
Saudi Riyal,12.6393,12.6666,2025-11-23
Kuwaiti Dinar,154.1779,154.5534,2025-11-23
UAE Dirham,12.9056,12.9363,2025-11-23
Chinese yuan,6.663,6.6775,2025-11-23
US Dollar,47.5777,47.6777,2025-11-24
Euro,54.7667,54.8961,2025-11-24
Pound Sterling,62.284,62.434,2025-11-24
Swiss Franc,58.8033,58.9633,2025-11-24
Japanese Yen 100,30.4205,30.4864,2025-11-24
Saudi Riyal,12.685,12.7124,2025-11-24
Kuwaiti Dinar,154.7595,155.1352,2025-11-24
UAE Dirham,12.953,12.9809,2025-11-24
Chinese yuan,6.6938,6.7089,2025-11-24
US Dollar,47.7115,47.8115,2025-11-25
Euro,55.0686,55.1888,2025-11-25
Pound Sterling,62.4877,62.6235,2025-11-25
Swiss Franc,59.1074,59.2606,2025-11-25
Japanese Yen 100,30.4205,30.492,2025-11-25
Saudi Riyal,12.7207,12.748,2025-11-25
Kuwaiti Dinar,155.2451,155.611,2025-11-25
UAE Dirham,12.9894,13.0181,2025-11-25
Chinese yuan,6.7137,6.7295,2025-11-25
US Dollar,47.7718,47.8718,2025-11-26
Euro,55.0761,55.2009,2025-11-26
Pound Sterling,62.6813,62.8173,2025-11-26
Swiss Franc,58.9921,59.1448,2025-11-26
Japanese Yen 100,30.5427,30.6144,2025-11-26
Saudi Riyal,12.7364,12.7638,2025-11-26
Kuwaiti Dinar,155.4919,155.8681,2025-11-26
UAE Dirham,13.0062,13.0352,2025-11-26
Chinese yuan,6.7404,6.7553,2025-11-26
US Dollar,47.6618,47.7618,2025-11-27
Euro,55.159,55.2795,2025-11-27
Pound Sterling,62.68,62.8163,2025-11-27
Swiss Franc,59.0604,59.2137,2025-11-27
Japanese Yen 100,30.4373,30.509,2025-11-27
Saudi Riyal,12.7071,12.7344,2025-11-27
Kuwaiti Dinar,155.0833,155.662,2025-11-27
UAE Dirham,12.9759,13.0049,2025-11-27
Chinese yuan,6.7312,6.7465,2025-11-27
US Dollar,47.5969,47.6969,2025-11-28
Euro,55.1457,55.2711,2025-11-28
Pound Sterling,62.9754,63.1173,2025-11-28
Swiss Franc,59.0605,59.2066,2025-11-28
Japanese Yen 100,30.4522,30.5182,2025-11-28
Saudi Riyal,12.6874,12.7154,2025-11-28
Kuwaiti Dinar,155.0336,155.4099,2025-11-28
UAE Dirham,12.9586,12.9872,2025-11-28
Chinese yuan,6.7194,6.7337,2025-11-28
US Dollar,47.5969,47.6969,2025-11-29
Euro,55.1457,55.2711,2025-11-29
Pound Sterling,62.9754,63.1173,2025-11-29
Swiss Franc,59.0605,59.2066,2025-11-29
Japanese Yen 100,30.4522,30.5182,2025-11-29
Saudi Riyal,12.6874,12.7154,2025-11-29
Kuwaiti Dinar,155.0336,155.4099,2025-11-29
UAE Dirham,12.9586,12.9872,2025-11-29
Chinese yuan,6.7194,6.7337,2025-11-29
US Dollar,47.5969,47.6969,2025-11-30
Euro,55.1457,55.2711,2025-11-30
Pound Sterling,62.9754,63.1173,2025-11-30
Swiss Franc,59.0605,59.2066,2025-11-30
Japanese Yen 100,30.4522,30.5182,2025-11-30
Saudi Riyal,12.6874,12.7154,2025-11-30
Kuwaiti Dinar,155.0336,155.4099,2025-11-30
UAE Dirham,12.9586,12.9872,2025-11-30
Chinese yuan,6.7194,6.7337,2025-11-30
US Dollar,47.5321,47.6321,2025-12-01
Euro,55.1134,55.2389,2025-12-01
Pound Sterling,62.9134,63.0601,2025-12-01
Swiss Franc,59.1342,59.266,2025-12-01
Japanese Yen 100,30.4303,30.504,2025-12-01
Saudi Riyal,12.6698,12.6975,2025-12-01
Kuwaiti Dinar,154.8427,155.219,2025-12-01
UAE Dirham,12.9402,12.9685,2025-12-01
Chinese yuan,6.7178,6.7324,2025-12-01
US Dollar,47.4788,47.5788,2025-12-02
Euro,55.2369,55.358,2025-12-02
Pound Sterling,62.8999,63.0372,2025-12-02
Swiss Franc,59.1784,59.3252,2025-12-02
Japanese Yen 100,30.6236,30.6921,2025-12-02
Saudi Riyal,12.6512,12.6786,2025-12-02
Kuwaiti Dinar,154.6088,155.091,2025-12-02
UAE Dirham,12.9261,12.9547,2025-12-02
Chinese yuan,6.7138,6.7281,2025-12-02
US Dollar,47.4637,47.5629,2025-12-03
Euro,55.1196,55.2444,2025-12-03
Pound Sterling,62.6758,62.8116,2025-12-03
Swiss Franc,58.9904,59.1285,2025-12-03
Japanese Yen 100,30.4254,30.4969,2025-12-03
Saudi Riyal,12.6438,12.6709,2025-12-03
Kuwaiti Dinar,154.4639,154.9433,2025-12-03
UAE Dirham,12.922,12.9504,2025-12-03
Chinese yuan,6.7121,6.7265,2025-12-03
US Dollar,47.5409,47.6394,2025-12-04
Euro,55.4659,55.5857,2025-12-04
Pound Sterling,63.2246,63.3604,2025-12-04
Swiss Franc,59.3964,59.5418,2025-12-04
Japanese Yen 100,30.5945,30.6599,2025-12-04
Saudi Riyal,12.6671,12.6954,2025-12-04
Kuwaiti Dinar,154.9067,155.2785,2025-12-04
UAE Dirham,12.943,12.9712,2025-12-04
Chinese yuan,6.7301,6.7443,2025-12-04
US Dollar,47.5123,47.6114,2025-12-05
Euro,55.4801,55.6053,2025-12-05
Pound Sterling,63.4669,63.604,2025-12-05
Swiss Franc,59.3978,59.5291,2025-12-05
Japanese Yen 100,30.7423,30.8084,2025-12-05
Saudi Riyal,12.6598,12.6869,2025-12-05
Kuwaiti Dinar,154.8035,155.1768,2025-12-05
UAE Dirham,12.9356,12.9636,2025-12-05
Chinese yuan,6.7185,6.7329,2025-12-05
US Dollar,47.5123,47.6114,2025-12-06
Euro,55.4801,55.6053,2025-12-06
Pound Sterling,63.4669,63.604,2025-12-06
Swiss Franc,59.3978,59.5291,2025-12-06
Japanese Yen 100,30.7423,30.8084,2025-12-06
Saudi Riyal,12.6598,12.6869,2025-12-06
Kuwaiti Dinar,154.8035,155.1768,2025-12-06
UAE Dirham,12.9356,12.9636,2025-12-06
Chinese yuan,6.7185,6.7329,2025-12-06
US Dollar,47.5123,47.6114,2025-12-07
Euro,55.4801,55.6053,2025-12-07
Pound Sterling,63.4669,63.604,2025-12-07
Swiss Franc,59.3978,59.5291,2025-12-07
Japanese Yen 100,30.7423,30.8084,2025-12-07
Saudi Riyal,12.6598,12.6869,2025-12-07
Kuwaiti Dinar,154.8035,155.1768,2025-12-07
UAE Dirham,12.9356,12.9636,2025-12-07
Chinese yuan,6.7185,6.7329,2025-12-07
US Dollar,47.4451,47.5451,2025-12-08
Euro,55.2356,55.3568,2025-12-08
Pound Sterling,63.2396,63.3872,2025-12-08
Swiss Franc,58.9527,59.1063,2025-12-08
Japanese Yen 100,30.5408,30.6071,2025-12-08
Saudi Riyal,12.6402,12.6682,2025-12-08
Kuwaiti Dinar,154.5344,154.9105,2025-12-08
UAE Dirham,12.9176,12.9466,2025-12-08
Chinese yuan,6.7098,6.7253,2025-12-08
US Dollar,47.4817,47.5817,2025-12-09
Euro,55.3114,55.4327,2025-12-09
Pound Sterling,63.2219,63.3884,2025-12-09
Swiss Franc,58.9103,59.071,2025-12-09
Japanese Yen 100,30.5074,30.5795,2025-12-09
Saudi Riyal,12.6486,12.6766,2025-12-09
Kuwaiti Dinar,154.578,154.954,2025-12-09
UAE Dirham,12.9262,12.9569,2025-12-09
Chinese yuan,6.7173,6.732,2025-12-09
US Dollar,47.5563,47.6563,2025-12-10
Euro,55.3365,55.4576,2025-12-10
Pound Sterling,63.3497,63.502,2025-12-10
Swiss Franc,58.9224,59.0683,2025-12-10
Japanese Yen 100,30.4282,30.5,2025-12-10
Saudi Riyal,12.6722,12.7002,2025-12-10
Kuwaiti Dinar,154.851,155.2271,2025-12-10
UAE Dirham,12.9472,12.9762,2025-12-10
Chinese yuan,6.731,6.7459,2025-12-10
US Dollar,47.5737,47.6723,2025-12-11
Euro,55.3758,55.4953,2025-12-11
Pound Sterling,63.3349,63.5043,2025-12-11
Swiss Franc,59.1198,59.2791,2025-12-11
Japanese Yen 100,30.3559,30.4265,2025-12-11
Saudi Riyal,12.6769,12.7038,2025-12-11
Kuwaiti Dinar,154.9128,155.2843,2025-12-11
UAE Dirham,12.9523,12.9805,2025-12-11
Chinese yuan,6.7351,6.75,2025-12-11
US Dollar,47.4843,47.5837,2025-12-12
Euro,55.6278,55.7538,2025-12-12
Pound Sterling,63.5672,63.7194,2025-12-12
Swiss Franc,59.6162,59.7635,2025-12-12
Japanese Yen 100,30.4973,30.569,2025-12-12
Saudi Riyal,12.6534,12.6805,2025-12-12
Kuwaiti Dinar,154.7829,155.1575,2025-12-12
UAE Dirham,12.9279,12.9564,2025-12-12
Chinese yuan,6.7275,6.7419,2025-12-12
US Dollar,47.4843,47.5837,2025-12-13
Euro,55.6278,55.7538,2025-12-13
Pound Sterling,63.5672,63.7194,2025-12-13
Swiss Franc,59.6162,59.7635,2025-12-13
Japanese Yen 100,30.4973,30.569,2025-12-13
Saudi Riyal,12.6534,12.6805,2025-12-13
Kuwaiti Dinar,154.7829,155.1575,2025-12-13
UAE Dirham,12.9279,12.9564,2025-12-13
Chinese yuan,6.7275,6.7419,2025-12-13
US Dollar,47.4843,47.5837,2025-12-14
Euro,55.6278,55.7538,2025-12-14
Pound Sterling,63.5672,63.7194,2025-12-14
Swiss Franc,59.6162,59.7635,2025-12-14
Japanese Yen 100,30.4973,30.569,2025-12-14
Saudi Riyal,12.6534,12.6805,2025-12-14
Kuwaiti Dinar,154.7829,155.1575,2025-12-14
UAE Dirham,12.9279,12.9564,2025-12-14
Chinese yuan,6.7275,6.7419,2025-12-14
US Dollar,47.4346,47.5346,2025-12-15
Euro,55.6882,55.8103,2025-12-15
Pound Sterling,63.4105,63.5822,2025-12-15
Swiss Franc,59.5912,59.7243,2025-12-15
Japanese Yen 100,30.438,30.508,2025-12-15
Saudi Riyal,12.6401,12.6674,2025-12-15
Kuwaiti Dinar,154.5604,155.0428,2025-12-15
UAE Dirham,12.9147,12.9437,2025-12-15
Chinese yuan,6.7231,6.7379,2025-12-15
US Dollar,47.4177,47.5177,2025-12-16
Euro,55.7253,55.8523,2025-12-16
Pound Sterling,63.4734,63.6452,2025-12-16
Swiss Franc,59.585,59.7482,2025-12-16
Japanese Yen 100,30.5842,30.6566,2025-12-16
Saudi Riyal,12.637,12.665,2025-12-16
Kuwaiti Dinar,154.5054,154.8817,2025-12-16
UAE Dirham,12.9098,12.9384,2025-12-16
Chinese yuan,6.7287,6.743,2025-12-16
US Dollar,47.3686,47.4686,2025-12-17
Euro,55.7386,55.861,2025-12-17
Pound Sterling,63.6113,63.7503,2025-12-17
Swiss Franc,59.5831,59.7465,2025-12-17
Japanese Yen 100,30.6137,30.6863,2025-12-17
Saudi Riyal,12.6293,12.6573,2025-12-17
Kuwaiti Dinar,154.4762,154.8528,2025-12-17
UAE Dirham,12.8957,12.9265,2025-12-17
Chinese yuan,6.7262,6.7406,2025-12-17
US Dollar,47.5409,47.6409,2025-12-18
Euro,55.6989,55.8256,2025-12-18
Pound Sterling,63.3815,63.5338,2025-12-18
Swiss Franc,59.6872,59.8503,2025-12-18
Japanese Yen 100,30.5611,30.6333,2025-12-18
Saudi Riyal,12.6738,12.7019,2025-12-18
Kuwaiti Dinar,154.9016,155.278,2025-12-18
UAE Dirham,12.943,12.972,2025-12-18
Chinese yuan,6.7488,6.7634,2025-12-18
US Dollar,47.5329,47.6329,2025-12-19
Euro,55.699,55.8209,2025-12-19
Pound Sterling,63.5942,63.7518,2025-12-19
Swiss Franc,59.7372,59.9005,2025-12-19
Japanese Yen 100,30.5109,30.5849,2025-12-19
Saudi Riyal,12.6731,12.7004,2025-12-19
Kuwaiti Dinar,154.7445,155.1205,2025-12-19
UAE Dirham,12.9408,12.9694,2025-12-19
Chinese yuan,6.7505,6.7649,2025-12-19
US Dollar,47.5329,47.6329,2025-12-20
Euro,55.699,55.8209,2025-12-20
Pound Sterling,63.5942,63.7518,2025-12-20
Swiss Franc,59.7372,59.9005,2025-12-20
Japanese Yen 100,30.5109,30.5849,2025-12-20
Saudi Riyal,12.6731,12.7004,2025-12-20
Kuwaiti Dinar,154.7445,155.1205,2025-12-20
UAE Dirham,12.9408,12.9694,2025-12-20
Chinese yuan,6.7505,6.7649,2025-12-20
US Dollar,47.5329,47.6329,2025-12-21
Euro,55.699,55.8209,2025-12-21
Pound Sterling,63.5942,63.7518,2025-12-21
Swiss Franc,59.7372,59.9005,2025-12-21
Japanese Yen 100,30.5109,30.5849,2025-12-21
Saudi Riyal,12.6731,12.7004,2025-12-21
Kuwaiti Dinar,154.7445,155.1205,2025-12-21
UAE Dirham,12.9408,12.9694,2025-12-21
Chinese yuan,6.7505,6.7649,2025-12-21
US Dollar,47.4906,47.5906,2025-12-22
Euro,55.602,55.7333,2025-12-22
Pound Sterling,63.5186,63.6905,2025-12-22
Swiss Franc,59.699,59.8473,2025-12-22
Japanese Yen 100,30.0992,30.1683,2025-12-22
Saudi Riyal,12.6604,12.6888,2025-12-22
Kuwaiti Dinar,154.5766,154.9525,2025-12-22
UAE Dirham,12.93,12.959,2025-12-22
Chinese yuan,6.7446,6.7593,2025-12-22
US Dollar,47.4189,47.5189,2025-12-23
Euro,55.665,55.7871,2025-12-23
Pound Sterling,63.6978,63.8511,2025-12-23
Swiss Franc,59.7666,59.9002,2025-12-23
Japanese Yen 100,30.1244,30.1899,2025-12-23
Saudi Riyal,12.6433,12.6707,2025-12-23
Kuwaiti Dinar,154.1776,154.553,2025-12-23
UAE Dirham,12.9098,12.9391,2025-12-23
Chinese yuan,6.7386,6.7529,2025-12-23
US Dollar,47.4834,47.5834,2025-12-24
Euro,56.0209,56.1484,2025-12-24
Pound Sterling,64.1311,64.2947,2025-12-24
Swiss Franc,60.2735,60.4388,2025-12-24
Japanese Yen 100,30.4459,30.512,2025-12-24
Saudi Riyal,12.6595,12.6869,2025-12-24
Kuwaiti Dinar,154.5483,154.9242,2025-12-24
UAE Dirham,12.9273,12.9581,2025-12-24
Chinese yuan,6.7558,6.7708,2025-12-24
US Dollar,47.5394,47.6387,2025-12-25
Euro,56.03,56.1565,2025-12-25
Pound Sterling,64.1782,64.3504,2025-12-25
Swiss Franc,60.3369,60.4936,2025-12-25
Japanese Yen 100,30.4759,30.5416,2025-12-25
Saudi Riyal,12.6745,12.7016,2025-12-25
Kuwaiti Dinar,154.6652,155.0538,2025-12-25
UAE Dirham,12.9426,12.9732,2025-12-25
Chinese yuan,6.7763,6.7918,2025-12-25
US Dollar,47.5486,47.6486,2025-12-26
Euro,56.0217,56.1634,2025-12-26
Pound Sterling,64.2999,64.4399,2025-12-26
Swiss Franc,60.3485,60.5292,2025-12-26
Japanese Yen 100,30.5072,30.5753,2025-12-26
Saudi Riyal,12.6769,12.7043,2025-12-26
Kuwaiti Dinar,154.715,155.197,2025-12-26
UAE Dirham,12.9444,12.9751,2025-12-26
Chinese yuan,6.7868,6.8012,2025-12-26
US Dollar,47.5486,47.6486,2025-12-27
Euro,56.0217,56.1634,2025-12-27
Pound Sterling,64.2999,64.4399,2025-12-27
Swiss Franc,60.3485,60.5292,2025-12-27
Japanese Yen 100,30.5072,30.5753,2025-12-27
Saudi Riyal,12.6769,12.7043,2025-12-27
Kuwaiti Dinar,154.715,155.197,2025-12-27
UAE Dirham,12.9444,12.9751,2025-12-27
Chinese yuan,6.7868,6.8012,2025-12-27
US Dollar,47.5486,47.6486,2025-12-28
Euro,56.0217,56.1634,2025-12-28
Pound Sterling,64.2999,64.4399,2025-12-28
Swiss Franc,60.3485,60.5292,2025-12-28
Japanese Yen 100,30.5072,30.5753,2025-12-28
Saudi Riyal,12.6769,12.7043,2025-12-28
Kuwaiti Dinar,154.715,155.197,2025-12-28
UAE Dirham,12.9444,12.9751,2025-12-28
Chinese yuan,6.7868,6.8012,2025-12-28
US Dollar,47.6074,47.7074,2025-12-29
Euro,56.0387,56.1707,2025-12-29
Pound Sterling,64.2462,64.4241,2025-12-29
Swiss Franc,60.2778,60.458,2025-12-29
Japanese Yen 100,30.4026,30.4762,2025-12-29
Saudi Riyal,12.6926,12.7203,2025-12-29
Kuwaiti Dinar,155.0529,155.4292,2025-12-29
UAE Dirham,12.9611,12.989,2025-12-29
Chinese yuan,6.7942,6.8092,2025-12-29
US Dollar,47.6637,47.7637,2025-12-30
Euro,56.0525,56.1845,2025-12-30
Pound Sterling,64.2555,64.4189,2025-12-30
Swiss Franc,60.288,60.4451,2025-12-30
Japanese Yen 100,30.4892,30.5551,2025-12-30
Saudi Riyal,12.7076,12.735,2025-12-30
Kuwaiti Dinar,154.7573,155.208,2025-12-30
UAE Dirham,12.9757,13.0065,2025-12-30
Chinese yuan,6.8022,6.8171,2025-12-30
US Dollar,47.6846,47.7846,2025-12-31
Euro,56.1247,56.252,2025-12-31
Pound Sterling,64.4076,64.5522,2025-12-31
Swiss Franc,60.4214,60.5865,2025-12-31
Japanese Yen 100,30.5866,30.6547,2025-12-31
Saudi Riyal,12.7128,12.7402,2025-12-31
Kuwaiti Dinar,154.7196,155.1951,2025-12-31
UAE Dirham,12.9821,13.0129,2025-12-31
Chinese yuan,6.8206,6.8357,2025-12-31
US Dollar,47.6266,47.7266,2026-01-01
Euro,55.9803,56.1074,2026-01-01
Pound Sterling,64.1292,64.2925,2026-01-01
Swiss Franc,60.1042,60.2608,2026-01-01
Japanese Yen 100,30.4129,30.4806,2026-01-01
Saudi Riyal,12.6974,12.7247,2026-01-01
Kuwaiti Dinar,154.6066,155.0873,2026-01-01
UAE Dirham,12.9663,12.9971,2026-01-01
Chinese yuan,6.8027,6.8172,2026-01-01
US Dollar,47.6266,47.7266,2026-01-02
Euro,55.9803,56.1074,2026-01-02
Pound Sterling,64.1292,64.2925,2026-01-02
Swiss Franc,60.1042,60.2608,2026-01-02
Japanese Yen 100,30.4129,30.4806,2026-01-02
Saudi Riyal,12.6974,12.7247,2026-01-02
Kuwaiti Dinar,154.6066,155.0873,2026-01-02
UAE Dirham,12.9663,12.9971,2026-01-02
Chinese yuan,6.8027,6.8172,2026-01-02
US Dollar,47.6266,47.7266,2026-01-03
Euro,55.9803,56.1074,2026-01-03
Pound Sterling,64.1292,64.2925,2026-01-03
Swiss Franc,60.1042,60.2608,2026-01-03
Japanese Yen 100,30.4129,30.4806,2026-01-03
Saudi Riyal,12.6974,12.7247,2026-01-03
Kuwaiti Dinar,154.6066,155.0873,2026-01-03
UAE Dirham,12.9663,12.9971,2026-01-03
Chinese yuan,6.8027,6.8172,2026-01-03
US Dollar,47.6266,47.7266,2026-01-04
Euro,55.9803,56.1074,2026-01-04
Pound Sterling,64.1292,64.2925,2026-01-04
Swiss Franc,60.1042,60.2608,2026-01-04
Japanese Yen 100,30.4129,30.4806,2026-01-04
Saudi Riyal,12.6974,12.7247,2026-01-04
Kuwaiti Dinar,154.6066,155.0873,2026-01-04
UAE Dirham,12.9663,12.9971,2026-01-04
Chinese yuan,6.8027,6.8172,2026-01-04
US Dollar,47.5529,47.6503,2026-01-05
Euro,55.7272,55.8509,2026-01-05
Pound Sterling,63.9871,64.1563,2026-01-05
Swiss Franc,60.0036,60.1569,2026-01-05
Japanese Yen 100,30.3155,30.3873,2026-01-05
Saudi Riyal,12.6794,12.7061,2026-01-05
Kuwaiti Dinar,154.553,155.1217,2026-01-05
UAE Dirham,12.947,12.9752,2026-01-05
Chinese yuan,6.7988,6.8139,2026-01-05
US Dollar,47.2769,47.3762,2026-01-06
Euro,55.2241,55.3496,2026-01-06
Pound Sterling,63.6583,63.83,2026-01-06
Swiss Franc,59.4977,59.6302,2026-01-06
Japanese Yen 100,30.1992,30.2665,2026-01-06
Saudi Riyal,12.6051,12.6323,2026-01-06
Kuwaiti Dinar,153.7709,154.1944,2026-01-06
UAE Dirham,12.8708,12.8992,2026-01-06
Chinese yuan,6.7691,6.7841,2026-01-06
US Dollar,47.2271,47.3271,2026-01-07
Euro,55.303,55.4295,2026-01-07
Pound Sterling,63.87,64.0242,2026-01-07
Swiss Franc,59.5625,59.7113,2026-01-07
Japanese Yen 100,30.2041,30.2758,2026-01-07
Saudi Riyal,12.5919,12.6192,2026-01-07
Kuwaiti Dinar,153.5742,154.0998,2026-01-07
UAE Dirham,12.8572,12.8858,2026-01-07
Chinese yuan,6.7626,6.7772,2026-01-07
US Dollar,47.2271,47.3271,2026-01-08
Euro,55.303,55.4295,2026-01-08
Pound Sterling,63.87,64.0242,2026-01-08
Swiss Franc,59.5625,59.7113,2026-01-08
Japanese Yen 100,30.2041,30.2758,2026-01-08
Saudi Riyal,12.5919,12.6192,2026-01-08
Kuwaiti Dinar,153.5742,154.0998,2026-01-08
UAE Dirham,12.8572,12.8858,2026-01-08
Chinese yuan,6.7626,6.7772,2026-01-08
US Dollar,47.2171,47.3171,2026-01-09
Euro,55.1118,55.238,2026-01-09
Pound Sterling,63.4598,63.6132,2026-01-09
Swiss Franc,59.1916,59.3393,2026-01-09
Japanese Yen 100,30.1149,30.1864,2026-01-09
Saudi Riyal,12.5909,12.6182,2026-01-09
Kuwaiti Dinar,154.4811,154.8589,2026-01-09
UAE Dirham,12.8545,12.8831,2026-01-09
Chinese yuan,6.762,6.7773,2026-01-09
US Dollar,47.2171,47.3171,2026-01-10
Euro,55.1118,55.238,2026-01-10
Pound Sterling,63.4598,63.6132,2026-01-10
Swiss Franc,59.1916,59.3393,2026-01-10
Japanese Yen 100,30.1149,30.1864,2026-01-10
Saudi Riyal,12.5909,12.6182,2026-01-10
Kuwaiti Dinar,154.4811,154.8589,2026-01-10
UAE Dirham,12.8545,12.8831,2026-01-10
Chinese yuan,6.762,6.7773,2026-01-10
US Dollar,47.2171,47.3171,2026-01-11
Euro,55.1118,55.238,2026-01-11
Pound Sterling,63.4598,63.6132,2026-01-11
Swiss Franc,59.1916,59.3393,2026-01-11
Japanese Yen 100,30.1149,30.1864,2026-01-11
Saudi Riyal,12.5909,12.6182,2026-01-11
Kuwaiti Dinar,154.4811,154.8589,2026-01-11
UAE Dirham,12.8545,12.8831,2026-01-11
Chinese yuan,6.762,6.7773,2026-01-11
US Dollar,47.1489,47.2483,2026-01-12
Euro,54.8671,54.9923,2026-01-12
Pound Sterling,63.1748,63.3458,2026-01-12
Swiss Franc,58.8184,58.9793,2026-01-12
Japanese Yen 100,29.8618,29.9267,2026-01-12
Saudi Riyal,12.5724,12.5995,2026-01-12
Kuwaiti Dinar,154.1568,154.5324,2026-01-12
UAE Dirham,12.837,12.8658,2026-01-12
Chinese yuan,6.7573,6.7718,2026-01-12
US Dollar,47.1071,47.2071,2026-01-13
Euro,55.04,55.1663,2026-01-13
Pound Sterling,63.4439,63.5975,2026-01-13
Swiss Franc,59.0685,59.2162,2026-01-13
Japanese Yen 100,29.8411,29.912,2026-01-13
Saudi Riyal,12.5612,12.5886,2026-01-13
Kuwaiti Dinar,154.0204,154.3979,2026-01-13
UAE Dirham,12.8246,12.8532,2026-01-13
Chinese yuan,6.7556,6.77,2026-01-13
US Dollar,47.0731,47.1746,2026-01-14
Euro,54.9155,55.0386,2026-01-14
Pound Sterling,63.3981,63.5536,2026-01-14
Swiss Franc,58.952,59.0938,2026-01-14
Japanese Yen 100,29.6225,29.6882,2026-01-14
Saudi Riyal,12.5518,12.5796,2026-01-14
Kuwaiti Dinar,153.9092,154.2913,2026-01-14
UAE Dirham,12.8153,12.8443,2026-01-14
Chinese yuan,6.7479,6.7631,2026-01-14
US Dollar,47.2817,47.3817,2026-01-15
Euro,55.0596,55.1855,2026-01-15
Pound Sterling,63.5844,63.7379,2026-01-15
Swiss Franc,59.0063,59.1606,2026-01-15
Japanese Yen 100,29.81,29.875,2026-01-15
Saudi Riyal,12.6071,12.6344,2026-01-15
Kuwaiti Dinar,154.5912,154.9688,2026-01-15
UAE Dirham,12.8721,12.9007,2026-01-15
Chinese yuan,6.7798,6.7953,2026-01-15
US Dollar,47.2363,47.3363,2026-01-16
Euro,54.95,55.071,2026-01-16
Pound Sterling,63.3628,63.5158,2026-01-16
Swiss Franc,58.9716,59.1039,2026-01-16
Japanese Yen 100,29.787,29.8576,2026-01-16
Saudi Riyal,12.595,12.6223,2026-01-16
Kuwaiti Dinar,154.4427,154.8202,2026-01-16
UAE Dirham,12.8597,12.8883,2026-01-16
Chinese yuan,6.7797,6.7944,2026-01-16
US Dollar,47.2363,47.3363,2026-01-17
Euro,54.95,55.071,2026-01-17
Pound Sterling,63.3628,63.5158,2026-01-17
Swiss Franc,58.9716,59.1039,2026-01-17
Japanese Yen 100,29.787,29.8576,2026-01-17
Saudi Riyal,12.595,12.6223,2026-01-17
Kuwaiti Dinar,154.4427,154.8202,2026-01-17
UAE Dirham,12.8597,12.8883,2026-01-17
Chinese yuan,6.7797,6.7944,2026-01-17
US Dollar,47.2363,47.3363,2026-01-18
Euro,54.95,55.071,2026-01-18
Pound Sterling,63.3628,63.5158,2026-01-18
Swiss Franc,58.9716,59.1039,2026-01-18
Japanese Yen 100,29.787,29.8576,2026-01-18
Saudi Riyal,12.595,12.6223,2026-01-18
Kuwaiti Dinar,154.4427,154.8202,2026-01-18
UAE Dirham,12.8597,12.8883,2026-01-18
Chinese yuan,6.7797,6.7944,2026-01-18
US Dollar,47.3287,47.4274,2026-01-19
Euro,54.8871,55.0206,2026-01-19
Pound Sterling,63.3305,63.4769,2026-01-19
Swiss Franc,58.9398,59.0702,2026-01-19
Japanese Yen 100,29.9283,30.0003,2026-01-19
Saudi Riyal,12.6206,12.6477,2026-01-19
Kuwaiti Dinar,154.7448,155.1183,2026-01-19
UAE Dirham,12.8852,12.9128,2026-01-19
Chinese yuan,6.7907,6.8064,2026-01-19
US Dollar,47.3669,47.4669,2026-01-20
Euro,55.0877,55.2134,2026-01-20
Pound Sterling,63.5095,63.6673,2026-01-20
Swiss Franc,59.3272,59.4823,2026-01-20
Japanese Yen 100,29.9828,30.0537,2026-01-20
Saudi Riyal,12.6308,12.6582,2026-01-20
Kuwaiti Dinar,154.8696,155.2473,2026-01-20
UAE Dirham,12.8956,12.9242,2026-01-20
Chinese yuan,6.8023,6.8167,2026-01-20
US Dollar,47.4386,47.5386,2026-01-21
Euro,55.6312,55.758,2026-01-21
Pound Sterling,63.7527,63.9109,2026-01-21
Swiss Franc,59.9881,60.1526,2026-01-21
Japanese Yen 100,30.0453,30.1106,2026-01-21
Saudi Riyal,12.6499,12.6773,2026-01-21
Kuwaiti Dinar,155.1548,155.5327,2026-01-21
UAE Dirham,12.9148,12.9434,2026-01-21
Chinese yuan,6.8167,6.8316,2026-01-21
US Dollar,47.3371,47.4369,2026-01-22
Euro,55.4886,55.6102,2026-01-22
Pound Sterling,63.4933,63.646,2026-01-22
Swiss Franc,59.8901,60.0391,2026-01-22
Japanese Yen 100,29.9716,30.0423,2026-01-22
Saudi Riyal,12.6229,12.6502,2026-01-22
Kuwaiti Dinar,154.899,155.2761,2026-01-22
UAE Dirham,12.8872,12.9157,2026-01-22
Chinese yuan,6.7973,6.812,2026-01-22
US Dollar,47.0986,47.1986,2026-01-23
Euro,55.1195,55.2412,2026-01-23
Pound Sterling,63.2345,63.4066,2026-01-23
Swiss Franc,59.4004,59.5791,2026-01-23
Japanese Yen 100,29.6965,29.767,2026-01-23
Saudi Riyal,12.5593,12.5866,2026-01-23
Kuwaiti Dinar,154.0679,154.4456,2026-01-23
UAE Dirham,12.8222,12.8508,2026-01-23
Chinese yuan,6.7501,6.7654,2026-01-23
US Dollar,47.0986,47.1986,2026-01-24
Euro,55.1195,55.2412,2026-01-24
Pound Sterling,63.2345,63.4066,2026-01-24
Swiss Franc,59.4004,59.5791,2026-01-24
Japanese Yen 100,29.6965,29.767,2026-01-24
Saudi Riyal,12.5593,12.5866,2026-01-24
Kuwaiti Dinar,154.0679,154.4456,2026-01-24
UAE Dirham,12.8222,12.8508,2026-01-24
Chinese yuan,6.7501,6.7654,2026-01-24
US Dollar,47.0986,47.1986,2026-01-25
Euro,55.1195,55.2412,2026-01-25
Pound Sterling,63.2345,63.4066,2026-01-25
Swiss Franc,59.4004,59.5791,2026-01-25
Japanese Yen 100,29.6965,29.767,2026-01-25
Saudi Riyal,12.5593,12.5866,2026-01-25
Kuwaiti Dinar,154.0679,154.4456,2026-01-25
UAE Dirham,12.8222,12.8508,2026-01-25
Chinese yuan,6.7501,6.7654,2026-01-25
US Dollar,47.018,47.118,2026-01-26
Euro,55.6035,55.7406,2026-01-26
Pound Sterling,64.1373,64.3114,2026-01-26
Swiss Franc,60.2409,60.3999,2026-01-26
Japanese Yen 100,30.1939,30.2601,2026-01-26
Saudi Riyal,12.5378,12.5651,2026-01-26
Kuwaiti Dinar,154.0059,154.384,2026-01-26
UAE Dirham,12.7989,12.8296,2026-01-26
Chinese yuan,6.7522,6.7668,2026-01-26
US Dollar,47.0194,47.1194,2026-01-27
Euro,55.7321,55.8601,2026-01-27
Pound Sterling,64.2191,64.3746,2026-01-27
Swiss Franc,60.4363,60.5804,2026-01-27
Japanese Yen 100,30.5519,30.6189,2026-01-27
Saudi Riyal,12.5385,12.5659,2026-01-27
Kuwaiti Dinar,154.1115,154.4899,2026-01-27
UAE Dirham,12.8007,12.8293,2026-01-27
Chinese yuan,6.761,6.7757,2026-01-27
US Dollar,46.9909,47.0901,2026-01-28
Euro,55.9896,56.1126,2026-01-28
Pound Sterling,64.4997,64.6595,2026-01-28
Swiss Franc,60.8848,61.053,2026-01-28
Japanese Yen 100,30.607,30.6816,2026-01-28
Saudi Riyal,12.5309,12.558,2026-01-28
Kuwaiti Dinar,154.0179,154.3939,2026-01-28
UAE Dirham,12.7929,12.8213,2026-01-28
Chinese yuan,6.7565,6.7709,2026-01-28
US Dollar,46.8643,46.9643,2026-01-29
Euro,56.1153,56.2444,2026-01-29
Pound Sterling,64.5743,64.7309,2026-01-29
Swiss Franc,61.0769,61.2311,2026-01-29
Japanese Yen 100,30.7166,30.7841,2026-01-29
Saudi Riyal,12.4958,12.5231,2026-01-29
Kuwaiti Dinar,153.7542,154.1329,2026-01-29
UAE Dirham,12.7584,12.7871,2026-01-29
Chinese yuan,6.7464,6.7611,2026-01-29
US Dollar,46.8643,46.9643,2026-01-30
Euro,56.1153,56.2444,2026-01-30
Pound Sterling,64.5743,64.7309,2026-01-30
Swiss Franc,61.0769,61.2311,2026-01-30
Japanese Yen 100,30.7166,30.7841,2026-01-30
Saudi Riyal,12.4958,12.5231,2026-01-30
Kuwaiti Dinar,153.7542,154.1329,2026-01-30
UAE Dirham,12.7584,12.7871,2026-01-30
Chinese yuan,6.7464,6.7611,2026-01-30
US Dollar,46.8643,46.9643,2026-01-31
Euro,56.1153,56.2444,2026-01-31
Pound Sterling,64.5743,64.7309,2026-01-31
Swiss Franc,61.0769,61.2311,2026-01-31
Japanese Yen 100,30.7166,30.7841,2026-01-31
Saudi Riyal,12.4958,12.5231,2026-01-31
Kuwaiti Dinar,153.7542,154.1329,2026-01-31
UAE Dirham,12.7584,12.7871,2026-01-31
Chinese yuan,6.7464,6.7611,2026-01-31
US Dollar,46.8643,46.9643,2026-02-01
Euro,56.1153,56.2444,2026-02-01
Pound Sterling,64.5743,64.7309,2026-02-01
Swiss Franc,61.0769,61.2311,2026-02-01
Japanese Yen 100,30.7166,30.7841,2026-02-01
Saudi Riyal,12.4958,12.5231,2026-02-01
Kuwaiti Dinar,153.7542,154.1329,2026-02-01
UAE Dirham,12.7584,12.7871,2026-02-01
Chinese yuan,6.7464,6.7611,2026-02-01
US Dollar,47.0811,47.1811,2026-02-02
Euro,55.7817,55.9191,2026-02-02
Pound Sterling,64.4447,64.5957,2026-02-02
Swiss Franc,60.8677,61.0443,2026-02-02
Japanese Yen 100,30.4161,30.4867,2026-02-02
Saudi Riyal,12.552,12.58,2026-02-02
Kuwaiti Dinar,154.1875,154.5656,2026-02-02
UAE Dirham,12.8182,12.8489,2026-02-02
Chinese yuan,6.7718,6.7877,2026-02-02
US Dollar,47.0277,47.1277,2026-02-03
Euro,55.7467,55.8699,2026-02-03
Pound Sterling,64.3809,64.5508,2026-02-03
Swiss Franc,60.5949,60.7472,2026-02-03
Japanese Yen 100,30.3561,30.4246,2026-02-03
Saudi Riyal,12.5397,12.5671,2026-02-03
Kuwaiti Dinar,154.0125,154.3905,2026-02-03
UAE Dirham,12.8029,12.8315,2026-02-03
Chinese yuan,6.7729,6.7875,2026-02-03
US Dollar,46.9454,47.0454,2026-02-04
Euro,55.3768,55.4995,2026-02-04
Pound Sterling,64.1744,64.3252,2026-02-04
Swiss Franc,60.3567,60.5164,2026-02-04
Japanese Yen 100,30.1067,30.1728,2026-02-04
Saudi Riyal,12.5181,12.5454,2026-02-04
Kuwaiti Dinar,153.6675,154.0453,2026-02-04
UAE Dirham,12.7809,12.8116,2026-02-04
Chinese yuan,6.7662,6.7812,2026-02-04
US Dollar,46.8766,46.9766,2026-02-05
Euro,55.3894,55.5122,2026-02-05
Pound Sterling,64.2865,64.4425,2026-02-05
Swiss Franc,60.408,60.5758,2026-02-05
Japanese Yen 100,29.9129,29.9787,2026-02-05
Saudi Riyal,12.4998,12.5271,2026-02-05
Kuwaiti Dinar,153.4421,153.8198,2026-02-05
UAE Dirham,12.7614,12.7907,2026-02-05
Chinese yuan,6.7526,6.7675,2026-02-05
US Dollar,46.9089,47.0086,2026-02-06
Euro,55.3055,55.4325,2026-02-06
Pound Sterling,63.599,63.7577,2026-02-06
Swiss Franc,60.3407,60.4923,2026-02-06
Japanese Yen 100,29.8326,29.898,2026-02-06
Saudi Riyal,12.5084,12.5356,2026-02-06
Kuwaiti Dinar,153.4725,153.849,2026-02-06
UAE Dirham,12.7702,12.7995,2026-02-06
Chinese yuan,6.7578,6.7732,2026-02-06
US Dollar,46.9089,47.0086,2026-02-07
Euro,55.3055,55.4325,2026-02-07
Pound Sterling,63.599,63.7577,2026-02-07
Swiss Franc,60.3407,60.4923,2026-02-07
Japanese Yen 100,29.8326,29.898,2026-02-07
Saudi Riyal,12.5084,12.5356,2026-02-07
Kuwaiti Dinar,153.4725,153.849,2026-02-07
UAE Dirham,12.7702,12.7995,2026-02-07
Chinese yuan,6.7578,6.7732,2026-02-07
US Dollar,46.9089,47.0086,2026-02-08
Euro,55.3055,55.4325,2026-02-08
Pound Sterling,63.599,63.7577,2026-02-08
Swiss Franc,60.3407,60.4923,2026-02-08
Japanese Yen 100,29.8326,29.898,2026-02-08
Saudi Riyal,12.5084,12.5356,2026-02-08
Kuwaiti Dinar,153.4725,153.849,2026-02-08
UAE Dirham,12.7702,12.7995,2026-02-08
Chinese yuan,6.7578,6.7732,2026-02-08
US Dollar,46.9083,47.0083,2026-02-09
Euro,55.4268,55.5544,2026-02-09
Pound Sterling,63.8375,64.0159,2026-02-09
Swiss Franc,60.4644,60.6011,2026-02-09
Japanese Yen 100,29.8342,29.9035,2026-02-09
Saudi Riyal,12.5079,12.5352,2026-02-09
Kuwaiti Dinar,153.4706,153.8481,2026-02-09
UAE Dirham,12.7708,12.7987,2026-02-09
Chinese yuan,6.76,6.7747,2026-02-09
US Dollar,46.8462,46.9426,2026-02-10
Euro,55.6392,55.7632,2026-02-10
Pound Sterling,63.9403,64.0908,2026-02-10
Swiss Franc,60.7918,60.9328,2026-02-10
Japanese Yen 100,29.9298,29.9991,2026-02-10
Saudi Riyal,12.4903,12.5174,2026-02-10
Kuwaiti Dinar,153.3175,153.6836,2026-02-10
UAE Dirham,12.7532,12.7812,2026-02-10
Chinese yuan,6.7659,6.7805,2026-02-10
US Dollar,46.815,46.915,2026-02-11
Euro,55.7473,55.8711,2026-02-11
Pound Sterling,64.0382,64.2126,2026-02-11
Swiss Franc,61.1082,61.2627,2026-02-11
Japanese Yen 100,30.1701,30.2365,2026-02-11
Saudi Riyal,12.4807,12.508,2026-02-11
Kuwaiti Dinar,153.3912,153.7693,2026-02-11
UAE Dirham,12.7447,12.7736,2026-02-11
Chinese yuan,6.7736,6.7888,2026-02-11
US Dollar,46.8043,46.9034,2026-02-12
Euro,55.7018,55.8292,2026-02-12
Pound Sterling,64.0236,64.178,2026-02-12
Swiss Franc,60.9828,61.1279,2026-02-12
Japanese Yen 100,30.4715,30.5401,2026-02-12
Saudi Riyal,12.4798,12.5069,2026-02-12
Kuwaiti Dinar,153.4064,153.7817,2026-02-12
UAE Dirham,12.7418,12.7705,2026-02-12
Chinese yuan,6.7726,6.7882,2026-02-12
US Dollar,46.7768,46.8768,2026-02-13
Euro,55.5755,55.699,2026-02-13
Pound Sterling,63.8269,63.9774,2026-02-13
Swiss Franc,60.9152,61.0693,2026-02-13
Japanese Yen 100,30.4854,30.5525,2026-02-13
Saudi Riyal,12.4725,12.4998,2026-02-13
Kuwaiti Dinar,153.2659,153.6439,2026-02-13
UAE Dirham,12.7343,12.7632,2026-02-13
Chinese yuan,6.7781,6.7927,2026-02-13
US Dollar,46.7768,46.8768,2026-02-14 06:34:12.555489+00:00
Euro,55.5755,55.699,2026-02-14 06:34:12.555489+00:00
Pound Sterling,63.8269,63.9774,2026-02-14 06:34:12.555489+00:00
Swiss Franc,60.9152,61.0693,2026-02-14 06:34:12.555489+00:00
Japanese Yen 100,30.4854,30.5525,2026-02-14 06:34:12.555489+00:00
Saudi Riyal,12.4725,12.4998,2026-02-14 06:34:12.555489+00:00
Kuwaiti Dinar,153.2659,153.6439,2026-02-14 06:34:12.555489+00:00
UAE Dirham,12.7343,12.7632,2026-02-14 06:34:12.555489+00:00
Chinese yuan,6.7781,6.7927,2026-02-14 06:34:12.555489+00:00
US Dollar,46.7768,46.8768,2026-02-15 06:40:03.613155+00:00
Euro,55.5755,55.699,2026-02-15 06:40:03.613155+00:00
Pound Sterling,63.8269,63.9774,2026-02-15 06:40:03.613155+00:00
Swiss Franc,60.9152,61.0693,2026-02-15 06:40:03.613155+00:00
Japanese Yen 100,30.4854,30.5525,2026-02-15 06:40:03.613155+00:00
Saudi Riyal,12.4725,12.4998,2026-02-15 06:40:03.613155+00:00
Kuwaiti Dinar,153.2659,153.6439,2026-02-15 06:40:03.613155+00:00
UAE Dirham,12.7343,12.7632,2026-02-15 06:40:03.613155+00:00
Chinese yuan,6.7781,6.7927,2026-02-15 06:40:03.613155+00:00
US Dollar,46.7291,46.8291,2026-02-16 06:54:01.635728+00:00
Euro,55.4534,55.5862,2026-02-16 06:54:01.635728+00:00
Pound Sterling,63.7759,63.9264,2026-02-16 06:54:01.635728+00:00
Swiss Franc,60.8531,61.0231,2026-02-16 06:54:01.635728+00:00
Japanese Yen 100,30.5959,30.6714,2026-02-16 06:54:01.635728+00:00
Saudi Riyal,12.4598,12.4871,2026-02-16 06:54:01.635728+00:00
Kuwaiti Dinar,153.1098,153.4878,2026-02-16 06:54:01.635728+00:00
UAE Dirham,12.7213,12.7502,2026-02-16 06:54:01.635728+00:00
Chinese yuan,6.7632,6.779,2026-02-16 06:54:01.635728+00:00
US Dollar,46.7274,46.8271,2026-02-17 06:47:10.612895+00:00
Euro,55.3954,55.5229,2026-02-17 06:47:10.612895+00:00
Pound Sterling,63.7549,63.905,2026-02-17 06:47:10.612895+00:00
Swiss Franc,60.6692,60.8145,2026-02-17 06:47:10.612895+00:00
Japanese Yen 100,30.4671,30.5401,2026-02-17 06:47:10.612895+00:00
Saudi Riyal,12.4593,12.4866,2026-02-17 06:47:10.612895+00:00
Kuwaiti Dinar,153.1043,153.4813,2026-02-17 06:47:10.612895+00:00
UAE Dirham,12.7198,12.7504,2026-02-17 06:47:10.612895+00:00
Chinese yuan,6.763,6.7787,2026-02-17 06:47:10.612895+00:00
US Dollar,46.9688,47.0688,2026-02-18 06:52:34.207327+00:00
Euro,55.5594,55.6824,2026-02-18 06:52:34.207327+00:00
Pound Sterling,63.6615,63.8112,2026-02-18 06:52:34.207327+00:00
Swiss Franc,60.9273,61.0728,2026-02-18 06:52:34.207327+00:00
Japanese Yen 100,30.6705,30.7378,2026-02-18 06:52:34.207327+00:00
Saudi Riyal,12.5237,12.551,2026-02-18 06:52:34.207327+00:00
Kuwaiti Dinar,153.8952,154.2734,2026-02-18 06:52:34.207327+00:00
UAE Dirham,12.7865,12.8155,2026-02-18 06:52:34.207327+00:00
Chinese yuan,6.7979,6.8137,2026-02-18 06:52:34.207327+00:00
US Dollar,46.9574,47.0574,2026-02-19 06:49:54.299882+00:00
Euro,55.6258,55.7489,2026-02-19 06:49:54.299882+00:00
Pound Sterling,63.7541,63.9040,2026-02-19 06:49:54.299882+00:00
Swiss Franc,60.9441,61.1135,2026-02-19 06:49:54.299882+00:00
Japanese Yen 100,30.5792,30.6463,2026-02-19 06:49:54.299882+00:00
Saudi Riyal,12.5203,12.5476,2026-02-19 06:49:54.299882+00:00
Kuwaiti Dinar,153.7823,154.1603,2026-02-19 06:49:54.299882+00:00
UAE Dirham,12.7834,12.8128,2026-02-19 06:49:54.299882+00:00
Chinese yuan,6.7963,6.8120,2026-02-19 06:49:54.299882+00:00
