buying,selling,avg,scrape_time,Pair,date
0.9691,0.9787,0.9739,2025-10-08,JPYBIRR,2025-10-08
476.8976,481.6666,479.2821,2025-10-08,KWDBIRR,2025-10-08
20.5187,20.7238,20.62125,2025-10-08,CNYBIRR,2025-10-08
8.4993,8.5843,8.5418,2025-10-08,ZARBIRR,2025-10-08
199.5656,201.5613,200.5635,2025-10-08,XDRBIRR,2025-10-08
170.4927,172.1977,171.3452,2025-10-08,EURBIRR,2025-10-08
39.7732,40.1709,39.97205,2025-10-08,AEDBIRR,2025-10-08
38.9472,39.3367,39.14195,2025-10-08,SARBIRR,2025-10-08
96.3204,97.2836,96.802,2025-10-08,AUDBIRR,2025-10-08
104.705,105.7521,105.2286,2025-10-08,CADBIRR,2025-10-08
146.0949,147.5558,146.0949,2025-10-08,USDBIRR,2025-10-08
1.126,1.1598,1.1429,2025-10-08,KESBIRR,2025-10-08
1.6456,1.6621,1.65385,2025-10-08,INRBIRR,2025-10-08
0.8182,0.8428,0.8305,2025-10-08,DJFBIRR,2025-10-08
22.8387,23.0671,22.9529,2025-10-08,DKKBIRR,2025-10-08
14.6929,14.8399,14.7664,2025-10-08,NOKBIRR,2025-10-08
15.5768,15.7326,15.6547,2025-10-08,SEKBIRR,2025-10-08
183.1222,184.9534,184.0378,2025-10-08,CHFBIRR,2025-10-08
196.3515,198.3151,197.3333,2025-10-08,GBPBIRR,2025-10-08
0.9637,0.9734,0.96855,2025-10-09,JPYBIRR,2025-10-09
480.8424,485.6508,483.2466,2025-10-09,KWDBIRR,2025-10-09
20.6347,20.841,20.73785,2025-10-09,CNYBIRR,2025-10-09
8.5364,8.6218,8.5791,2025-10-09,ZARBIRR,2025-10-09
200.6938,202.7008,201.6973,2025-10-09,XDRBIRR,2025-10-09
170.6779,172.3847,171.5313,2025-10-09,EURBIRR,2025-10-09
39.998,40.398,40.198,2025-10-09,AEDBIRR,2025-10-09
39.1663,39.558,39.36215,2025-10-09,SARBIRR,2025-10-09
96.4094,97.3735,96.89145,2025-10-09,AUDBIRR,2025-10-09
105.2366,106.289,105.7628,2025-10-09,CADBIRR,2025-10-09
146.9208,148.39,146.9208,2025-10-09,USDBIRR,2025-10-09
1.1354,1.1695,1.15245,2025-10-09,KESBIRR,2025-10-09
1.6549,1.6715,1.6632,2025-10-09,INRBIRR,2025-10-09
0.8229,0.8475,0.8352,2025-10-09,DJFBIRR,2025-10-09
22.8592,23.0878,22.9735,2025-10-09,DKKBIRR,2025-10-09
14.6922,14.8391,14.76565,2025-10-09,NOKBIRR,2025-10-09
15.563,15.7186,15.6408,2025-10-09,SEKBIRR,2025-10-09
183.3073,185.1404,184.2239,2025-10-09,CHFBIRR,2025-10-09
196.9473,198.9168,197.9321,2025-10-09,GBPBIRR,2025-10-09
0.9575,0.9671,0.9623,2025-10-10,JPYBIRR,2025-10-10
478.6653,483.452,481.0587,2025-10-10,KWDBIRR,2025-10-10
20.5326,20.7379,20.6353,2025-10-10,CNYBIRR,2025-10-10
8.545,8.6304,8.5877,2025-10-10,ZARBIRR,2025-10-10
199.3903,201.3842,200.3873,2025-10-10,XDRBIRR,2025-10-10
169.8613,171.5599,170.7106,2025-10-10,EURBIRR,2025-10-10
39.8169,40.2151,40.016,2025-10-10,AEDBIRR,2025-10-10
38.9921,39.3821,39.1871,2025-10-10,SARBIRR,2025-10-10
96.4263,97.3906,96.9085,2025-10-10,AUDBIRR,2025-10-10
104.7976,105.8456,105.3216,2025-10-10,CADBIRR,2025-10-10
1.1303,1.1642,1.1473,2025-10-10,KESBIRR,2025-10-10
146.2556,147.7181,146.2556,2025-10-10,USDBIRR,2025-10-10
1.647,1.6635,1.6553,2025-10-10,INRBIRR,2025-10-10
0.8191,0.8437,0.8314,2025-10-10,DJFBIRR,2025-10-10
22.7462,22.9736,22.8599,2025-10-10,DKKBIRR,2025-10-10
14.6066,14.7526,14.6796,2025-10-10,NOKBIRR,2025-10-10
15.4572,15.6117,15.5345,2025-10-10,SEKBIRR,2025-10-10
182.5229,184.3481,183.4355,2025-10-10,CHFBIRR,2025-10-10
195.5291,197.4844,196.5068,2025-10-10,GBPBIRR,2025-10-10
0.9596,0.9692,0.9644,2025-10-13,JPYBIRR,2025-10-13
476.8001,481.5681,479.1841,2025-10-13,KWDBIRR,2025-10-13
20.5492,20.7547,20.65195,2025-10-13,CNYBIRR,2025-10-13
8.5038,8.5888,8.5463,2025-10-13,ZARBIRR,2025-10-13
199.6136,201.6097,200.6117,2025-10-13,XDRBIRR,2025-10-13
169.378,171.0717,170.2249,2025-10-13,EURBIRR,2025-10-13
39.8615,40.2602,40.06085,2025-10-13,AEDBIRR,2025-10-13
39.0358,39.4262,39.231,2025-10-13,SARBIRR,2025-10-13
95.9193,96.8785,96.3989,2025-10-13,AUDBIRR,2025-10-13
104.3617,105.4053,104.8835,2025-10-13,CADBIRR,2025-10-13
146.4194,147.8836,146.4194,2025-10-13,USDBIRR,2025-10-13
1.132,1.1659,1.14895,2025-10-13,KESBIRR,2025-10-13
1.6507,1.6672,1.65895,2025-10-13,INRBIRR,2025-10-13
0.82,0.8446,0.8323,2025-10-13,DJFBIRR,2025-10-13
22.6834,22.9103,22.79685,2025-10-13,DKKBIRR,2025-10-13
14.5079,14.653,14.58045,2025-10-13,NOKBIRR,2025-10-13
15.3521,15.5057,15.4289,2025-10-13,SEKBIRR,2025-10-13
181.6843,183.5012,182.5928,2025-10-13,CHFBIRR,2025-10-13
194.65,196.5964,195.6232,2025-10-13,GBPBIRR,2025-10-13
0.9672,0.9768,0.972,2025-10-14,JPYBIRR,2025-10-14
479.4689,484.2636,481.8663,2025-10-14,KWDBIRR,2025-10-14
20.6369,20.8433,20.7401,2025-10-14,CNYBIRR,2025-10-14
8.4974,8.5824,8.5399,2025-10-14,ZARBIRR,2025-10-14
200.2153,202.2175,201.2164,2025-10-14,XDRBIRR,2025-10-14
170.4988,172.2037,171.3513,2025-10-14,EURBIRR,2025-10-14
40.071,40.4717,40.2714,2025-10-14,AEDBIRR,2025-10-14
39.2451,39.6375,39.4413,2025-10-14,SARBIRR,2025-10-14
95.9644,96.9241,96.4443,2025-10-14,AUDBIRR,2025-10-14
105.0944,106.1453,105.6199,2025-10-14,CADBIRR,2025-10-14
147.1847,148.6565,147.1847,2025-10-14,USDBIRR,2025-10-14
1.1374,1.1716,1.1545,2025-10-14,KESBIRR,2025-10-14
1.6597,1.6763,1.668,2025-10-14,INRBIRR,2025-10-14
0.8243,0.8491,0.8367,2025-10-14,DJFBIRR,2025-10-14
22.8314,23.0597,22.9456,2025-10-14,DKKBIRR,2025-10-14
14.6059,14.7519,14.6789,2025-10-14,NOKBIRR,2025-10-14
15.4708,15.6255,15.5482,2025-10-14,SEKBIRR,2025-10-14
183.0655,184.8962,183.9809,2025-10-14,CHFBIRR,2025-10-14
196.2855,198.2484,197.267,2025-10-14,GBPBIRR,2025-10-14
0.9695,0.9791,0.9743,2025-10-15,JPYBIRR,2025-10-15
479.8368,484.6352,482.236,2025-10-15,KWDBIRR,2025-10-15
20.6352,20.8415,20.7384,2025-10-15,CNYBIRR,2025-10-15
8.4205,8.5047,8.4626,2025-10-15,ZARBIRR,2025-10-15
200.4367,202.441,201.4389,2025-10-15,XDRBIRR,2025-10-15
170.1862,171.8881,171.0372,2025-10-15,EURBIRR,2025-10-15
40.1098,40.5109,40.3104,2025-10-15,AEDBIRR,2025-10-15
39.2884,39.6813,39.4849,2025-10-15,SARBIRR,2025-10-15
94.9507,95.9002,95.4255,2025-10-15,AUDBIRR,2025-10-15
104.6873,105.7342,105.2108,2025-10-15,CADBIRR,2025-10-15
147.3474,148.8209,147.3474,2025-10-15,USDBIRR,2025-10-15
1.1387,1.1729,1.1558,2025-10-15,KESBIRR,2025-10-15
1.6589,1.6755,1.6672,2025-10-15,INRBIRR,2025-10-15
0.8252,0.85,0.8376,2025-10-15,DJFBIRR,2025-10-15
22.787,23.0148,22.9009,2025-10-15,DKKBIRR,2025-10-15
14.4479,14.5924,14.5202,2025-10-15,NOKBIRR,2025-10-15
15.4213,15.5755,15.4984,2025-10-15,SEKBIRR,2025-10-15
183.1768,185.0085,184.0927,2025-10-15,CHFBIRR,2025-10-15
195.5153,197.4704,196.4929,2025-10-15,GBPBIRR,2025-10-15
0.9785,0.9883,0.9834,2025-10-16,JPYBIRR,2025-10-16
482.4643,487.2889,484.8766,2025-10-16,KWDBIRR,2025-10-16
20.7857,20.9936,20.8897,2025-10-16,CNYBIRR,2025-10-16
8.5592,8.6447,8.602,2025-10-16,ZARBIRR,2025-10-16
201.3996,203.4136,202.4066,2025-10-16,XDRBIRR,2025-10-16
172.2029,173.9249,173.0639,2025-10-16,EURBIRR,2025-10-16
40.3287,40.732,40.5304,2025-10-16,AEDBIRR,2025-10-16
39.4965,39.8914,39.694,2025-10-16,SARBIRR,2025-10-16
96.5669,97.5326,97.0498,2025-10-16,AUDBIRR,2025-10-16
105.5068,106.5618,106.0343,2025-10-16,CADBIRR,2025-10-16
148.1315,149.6128,148.1315,2025-10-16,USDBIRR,2025-10-16
1.1448,1.1791,1.162,2025-10-16,KESBIRR,2025-10-16
1.6825,1.6993,1.6909,2025-10-16,INRBIRR,2025-10-16
0.8296,0.8545,0.8421,2025-10-16,DJFBIRR,2025-10-16
23.0566,23.2871,23.1719,2025-10-16,DKKBIRR,2025-10-16
14.679,14.8258,14.7524,2025-10-16,NOKBIRR,2025-10-16
15.6202,15.7765,15.6984,2025-10-16,SEKBIRR,2025-10-16
184.9563,186.8059,185.8811,2025-10-16,CHFBIRR,2025-10-16
197.8889,199.8678,198.8784,2025-10-16,GBPBIRR,2025-10-16
0.9883,0.9982,0.99325,2025-10-17,JPYBIRR,2025-10-17
488.718,493.6052,491.1616,2025-10-17,KWDBIRR,2025-10-17
20.9758,21.1856,21.0807,2025-10-17,CNYBIRR,2025-10-17
8.6326,8.7189,8.67575,2025-10-17,ZARBIRR,2025-10-17
203.858,205.8965,204.8773,2025-10-17,XDRBIRR,2025-10-17
174.2165,175.9587,175.0876,2025-10-17,EURBIRR,2025-10-17
40.6953,41.1023,40.8988,2025-10-17,AEDBIRR,2025-10-17
39.8544,40.2529,40.05365,2025-10-17,SARBIRR,2025-10-17
97.2653,98.2379,97.7516,2025-10-17,AUDBIRR,2025-10-17
106.4733,107.5381,107.0057,2025-10-17,CADBIRR,2025-10-17
149.4779,150.9727,149.4779,2025-10-17,USDBIRR,2025-10-17
1.1552,1.1898,1.1725,2025-10-17,KESBIRR,2025-10-17
1.7011,1.7181,1.7096,2025-10-17,INRBIRR,2025-10-17
0.8372,0.8623,0.84975,2025-10-17,DJFBIRR,2025-10-17
23.3304,23.5637,23.44705,2025-10-17,DKKBIRR,2025-10-17
14.8511,14.9996,14.92535,2025-10-17,NOKBIRR,2025-10-17
15.8253,15.9836,15.90445,2025-10-17,SEKBIRR,2025-10-17
187.6213,189.4975,188.5594,2025-10-17,CHFBIRR,2025-10-17
200.8833,202.8922,201.8878,2025-10-17,GBPBIRR,2025-10-17
0.9995,1.0095,1.0045,2025-10-20,JPYBIRR,2025-10-20
491.2673,496.18,493.7237,2025-10-20,KWDBIRR,2025-10-20
21.0991,21.3101,21.2046,2025-10-20,CNYBIRR,2025-10-20
8.6367,8.7231,8.6799,2025-10-20,ZARBIRR,2025-10-20
205.2923,207.3452,206.3188,2025-10-20,XDRBIRR,2025-10-20
175.4515,177.2061,176.3288,2025-10-20,EURBIRR,2025-10-20
40.9265,41.3358,41.1312,2025-10-20,AEDBIRR,2025-10-20
40.083,40.4838,40.2834,2025-10-20,SARBIRR,2025-10-20
97.3094,98.2825,97.796,2025-10-20,AUDBIRR,2025-10-20
107.0201,108.0903,107.5552,2025-10-20,CADBIRR,2025-10-20
150.3312,151.8345,150.3312,2025-10-20,USDBIRR,2025-10-20
1.1622,1.1971,1.1797,2025-10-20,KESBIRR,2025-10-20
1.7078,1.7249,1.7164,2025-10-20,INRBIRR,2025-10-20
0.842,0.8672,0.8546,2025-10-20,DJFBIRR,2025-10-20
23.4907,23.7256,23.6082,2025-10-20,DKKBIRR,2025-10-20
14.9138,15.0629,14.9884,2025-10-20,NOKBIRR,2025-10-20
15.8931,16.052,15.9726,2025-10-20,SEKBIRR,2025-10-20
189.908,191.8071,190.8576,2025-10-20,CHFBIRR,2025-10-20
201.4588,203.4734,202.4661,2025-10-20,GBPBIRR,2025-10-20
0.9932,1.0032,0.9982,2025-10-21,JPYBIRR,2025-10-21
489.076,493.9667,491.5214,2025-10-21,KWDBIRR,2025-10-21
21.0145,21.2247,21.1196,2025-10-21,CNYBIRR,2025-10-21
8.6394,8.7258,8.6826,2025-10-21,ZARBIRR,2025-10-21
204.7347,206.7821,205.7584,2025-10-21,XDRBIRR,2025-10-21
174.4369,176.1813,175.3091,2025-10-21,EURBIRR,2025-10-21
40.7538,41.1613,40.9576,2025-10-21,AEDBIRR,2025-10-21
39.9106,40.3097,40.1102,2025-10-21,SARBIRR,2025-10-21
97.1356,98.1069,97.6213,2025-10-21,AUDBIRR,2025-10-21
106.6491,107.7156,107.1824,2025-10-21,CADBIRR,2025-10-21
149.6927,151.1896,149.6927,2025-10-21,USDBIRR,2025-10-21
1.1573,1.192,1.1747,2025-10-21,KESBIRR,2025-10-21
1.7027,1.7197,1.7112,2025-10-21,INRBIRR,2025-10-21
0.8384,0.8635,0.851,2025-10-21,DJFBIRR,2025-10-21
23.3577,23.5913,23.4745,2025-10-21,DKKBIRR,2025-10-21
14.8722,15.0209,14.9466,2025-10-21,NOKBIRR,2025-10-21
15.8714,16.0301,15.9508,2025-10-21,SEKBIRR,2025-10-21
188.7914,190.6793,189.7354,2025-10-21,CHFBIRR,2025-10-21
200.7678,202.7755,201.7717,2025-10-21,GBPBIRR,2025-10-21
0.9922,1.0021,0.9972,2025-10-22,JPYBIRR,2025-10-22
492.5407,497.4661,495.0034,2025-10-22,KWDBIRR,2025-10-22
21.1961,21.4081,21.3021,2025-10-22,CNYBIRR,2025-10-22
8.6973,8.7843,8.7408,2025-10-22,ZARBIRR,2025-10-22
206.0981,208.159,207.1286,2025-10-22,XDRBIRR,2025-10-22
175.1011,176.8521,175.9766,2025-10-22,EURBIRR,2025-10-22
41.0852,41.4961,41.2907,2025-10-22,AEDBIRR,2025-10-22
40.2374,40.6397,40.4386,2025-10-22,SARBIRR,2025-10-22
97.9407,98.9201,98.4304,2025-10-22,AUDBIRR,2025-10-22
107.5932,108.6691,108.1312,2025-10-22,CADBIRR,2025-10-22
150.9102,152.4193,150.9102,2025-10-22,USDBIRR,2025-10-22
1.1662,1.2012,1.1837,2025-10-22,KESBIRR,2025-10-22
1.7151,1.7323,1.7237,2025-10-22,INRBIRR,2025-10-22
0.8452,0.8706,0.8579,2025-10-22,DJFBIRR,2025-10-22
23.4427,23.6772,23.56,2025-10-22,DKKBIRR,2025-10-22
15.0131,15.1632,15.0882,2025-10-22,NOKBIRR,2025-10-22
16.0052,16.1653,16.0853,2025-10-22,SEKBIRR,2025-10-22
189.6095,191.5056,190.5576,2025-10-22,CHFBIRR,2025-10-22
201.8122,203.8303,202.8213,2025-10-22,GBPBIRR,2025-10-22
1.0052,1.0153,1.0103,2025-10-23,JPYBIRR,2025-10-23
497.5958,502.5717,500.0838,2025-10-23,KWDBIRR,2025-10-23
21.4115,21.6256,21.5186,2025-10-23,CNYBIRR,2025-10-23
8.7333,8.8207,8.777,2025-10-23,ZARBIRR,2025-10-23
208.0372,210.1176,209.0774,2025-10-23,XDRBIRR,2025-10-23
176.7134,178.4805,177.597,2025-10-23,EURBIRR,2025-10-23
41.5399,41.9553,41.7476,2025-10-23,AEDBIRR,2025-10-23
40.6815,41.0883,40.8849,2025-10-23,SARBIRR,2025-10-23
98.8997,99.8887,99.3942,2025-10-23,AUDBIRR,2025-10-23
108.7265,109.8138,109.2702,2025-10-23,CADBIRR,2025-10-23
152.5759,154.1017,152.5759,2025-10-23,USDBIRR,2025-10-23
1.1791,1.2145,1.1968,2025-10-23,KESBIRR,2025-10-23
1.7385,1.7559,1.7472,2025-10-23,INRBIRR,2025-10-23
0.8545,0.8802,0.8674,2025-10-23,DJFBIRR,2025-10-23
23.6585,23.8951,23.7768,2025-10-23,DKKBIRR,2025-10-23
15.1888,15.3407,15.2648,2025-10-23,NOKBIRR,2025-10-23
16.1834,16.3453,16.2644,2025-10-23,SEKBIRR,2025-10-23
191.6301,193.5464,192.5883,2025-10-23,CHFBIRR,2025-10-23
203.3226,205.3559,204.3393,2025-10-23,GBPBIRR,2025-10-23
0.9882,0.9981,0.9932,2025-10-24,JPYBIRR,2025-10-24
492.1847,497.1065,494.6456,2025-10-24,KWDBIRR,2025-10-24
21.1878,21.3997,21.2938,2025-10-24,CNYBIRR,2025-10-24
8.6927,8.7796,8.7362,2025-10-24,ZARBIRR,2025-10-24
205.5663,207.622,206.5942,2025-10-24,XDRBIRR,2025-10-24
174.9057,176.6548,175.7803,2025-10-24,EURBIRR,2025-10-24
41.0996,41.5106,41.3051,2025-10-24,AEDBIRR,2025-10-24
40.2493,40.6518,40.4506,2025-10-24,SARBIRR,2025-10-24
98.1712,99.153,98.6621,2025-10-24,AUDBIRR,2025-10-24
107.8461,108.9246,108.3854,2025-10-24,CADBIRR,2025-10-24
150.963,152.4726,150.963,2025-10-24,USDBIRR,2025-10-24
1.1666,1.2016,1.1841,2025-10-24,KESBIRR,2025-10-24
1.7175,1.7347,1.7261,2025-10-24,INRBIRR,2025-10-24
0.8455,0.8709,0.8582,2025-10-24,DJFBIRR,2025-10-24
23.4167,23.6509,23.5338,2025-10-24,DKKBIRR,2025-10-24
15.1187,15.2699,15.1943,2025-10-24,NOKBIRR,2025-10-24
16.0278,16.1881,16.108,2025-10-24,SEKBIRR,2025-10-24
189.0109,190.901,189.956,2025-10-24,CHFBIRR,2025-10-24
201.3544,203.368,202.3612,2025-10-24,GBPBIRR,2025-10-24
0.9906,1.0005,0.9956,2025-10-27,JPYBIRR,2025-10-27
494.0419,498.9823,496.5121,2025-10-27,KWDBIRR,2025-10-27
21.2743,21.487,21.3807,2025-10-27,CNYBIRR,2025-10-27
8.7337,8.821,8.7774,2025-10-27,ZARBIRR,2025-10-27
206.2902,208.3531,207.3217,2025-10-27,XDRBIRR,2025-10-27
175.924,177.6832,176.8036,2025-10-27,EURBIRR,2025-10-27
41.2534,41.666,41.4597,2025-10-27,AEDBIRR,2025-10-27
40.4053,40.8094,40.6074,2025-10-27,SARBIRR,2025-10-27
98.4174,99.4016,98.9095,2025-10-27,AUDBIRR,2025-10-27
108.0029,109.0829,108.5429,2025-10-27,CADBIRR,2025-10-27
1.1678,1.2029,1.1854,2025-10-27,KESBIRR,2025-10-27
1.7251,1.7424,1.7338,2025-10-27,INRBIRR,2025-10-27
0.8487,0.8741,0.8614,2025-10-27,DJFBIRR,2025-10-27
23.5526,23.7881,23.6704,2025-10-27,DKKBIRR,2025-10-27
15.1345,15.2858,15.2102,2025-10-27,NOKBIRR,2025-10-27
16.1358,16.2972,16.2165,2025-10-27,SEKBIRR,2025-10-27
190.1946,192.0965,191.1456,2025-10-27,CHFBIRR,2025-10-27
201.6383,203.6547,202.6465,2025-10-27,GBPBIRR,2025-10-27
151.528,153.0433,151.528,2025-10-27,USDBIRR,2025-10-27
1.0015,1.0115,1.0065,2025-10-28,JPYBIRR,2025-10-28
498.7465,503.734,501.2403,2025-10-28,KWDBIRR,2025-10-28
21.5175,21.7327,21.6251,2025-10-28,CNYBIRR,2025-10-28
8.8843,8.9731,8.9287,2025-10-28,ZARBIRR,2025-10-28
208.2787,210.3615,209.3201,2025-10-28,XDRBIRR,2025-10-28
178.0637,179.8443,178.954,2025-10-28,EURBIRR,2025-10-28
41.6297,42.046,41.8379,2025-10-28,AEDBIRR,2025-10-28
40.7738,41.1816,40.9777,2025-10-28,SARBIRR,2025-10-28
100.2325,101.2348,100.7337,2025-10-28,AUDBIRR,2025-10-28
109.3933,110.4873,109.9403,2025-10-28,CADBIRR,2025-10-28
152.91,154.4391,152.91,2025-10-28,USDBIRR,2025-10-28
1.1817,1.2171,1.1994,2025-10-28,KESBIRR,2025-10-28
1.7329,1.7502,1.7416,2025-10-28,INRBIRR,2025-10-28
0.8564,0.8821,0.8693,2025-10-28,DJFBIRR,2025-10-28
23.8378,24.0762,23.957,2025-10-28,DKKBIRR,2025-10-28
15.2977,15.4507,15.3742,2025-10-28,NOKBIRR,2025-10-28
16.3182,16.4814,16.3998,2025-10-28,SEKBIRR,2025-10-28
192.2187,194.1409,193.1798,2025-10-28,CHFBIRR,2025-10-28
204.1349,206.1762,205.1556,2025-10-28,GBPBIRR,2025-10-28
1.0081,1.0182,1.01315,2025-10-29,JPYBIRR,2025-10-29
499.6598,504.6564,502.1581,2025-10-29,KWDBIRR,2025-10-29
21.5773,21.7931,21.6852,2025-10-29,CNYBIRR,2025-10-29
8.8785,8.9673,8.9229,2025-10-29,ZARBIRR,2025-10-29
209.0035,211.0936,210.0486,2025-10-29,XDRBIRR,2025-10-29
178.5791,180.3649,179.472,2025-10-29,EURBIRR,2025-10-29
41.7072,42.1243,41.91575,2025-10-29,AEDBIRR,2025-10-29
40.8497,41.2582,41.05395,2025-10-29,SARBIRR,2025-10-29
100.4344,101.4388,100.9366,2025-10-29,AUDBIRR,2025-10-29
109.4248,110.519,109.9719,2025-10-29,CADBIRR,2025-10-29
153.1947,154.7266,153.1947,2025-10-29,USDBIRR,2025-10-29
1.1839,1.2194,1.20165,2025-10-29,KESBIRR,2025-10-29
1.7353,1.7526,1.74395,2025-10-29,INRBIRR,2025-10-29
0.858,0.8837,0.87085,2025-10-29,DJFBIRR,2025-10-29
23.9072,24.1462,24.0267,2025-10-29,DKKBIRR,2025-10-29
15.3019,15.4549,15.3784,2025-10-29,NOKBIRR,2025-10-29
16.3476,16.511,16.4293,2025-10-29,SEKBIRR,2025-10-29
192.8433,194.7717,193.8075,2025-10-29,CHFBIRR,2025-10-29
203.9175,205.9566,204.9371,2025-10-29,GBPBIRR,2025-10-29
500.5631,505.5687,503.0659,2025-10-30,KWDBIRR,2025-10-30
21.6293,21.8456,21.7375,2025-10-30,CNYBIRR,2025-10-30
8.9747,9.0645,9.0196,2025-10-30,ZARBIRR,2025-10-30
209.602,211.698,210.65,2025-10-30,XDRBIRR,2025-10-30
178.7506,180.5381,179.6444,2025-10-30,EURBIRR,2025-10-30
1.0088,1.0189,1.0139,2025-10-30,JPYBIRR,2025-10-30
41.8071,42.2252,42.0162,2025-10-30,AEDBIRR,2025-10-30
40.9476,41.3571,41.1524,2025-10-30,SARBIRR,2025-10-30
101.2613,102.2739,101.7676,2025-10-30,AUDBIRR,2025-10-30
110.1541,111.2556,110.7049,2025-10-30,CADBIRR,2025-10-30
153.5658,155.1015,153.5658,2025-10-30,USDBIRR,2025-10-30
1.1868,1.2224,1.2046,2025-10-30,KESBIRR,2025-10-30
1.7408,1.7582,1.7495,2025-10-30,INRBIRR,2025-10-30
0.8601,0.8859,0.873,2025-10-30,DJFBIRR,2025-10-30
23.9337,24.173,24.0534,2025-10-30,DKKBIRR,2025-10-30
15.3607,15.5143,15.4375,2025-10-30,NOKBIRR,2025-10-30
16.4006,16.5647,16.4827,2025-10-30,SEKBIRR,2025-10-30
192.559,194.4846,193.5218,2025-10-30,CHFBIRR,2025-10-30
203.0293,205.0596,204.0445,2025-10-30,GBPBIRR,2025-10-30
0.9884,0.9982,0.9933,2025-10-31,JPYBIRR,2025-10-31
495.8501,500.8086,498.3294,2025-10-31,KWDBIRR,2025-10-31
21.3903,21.6042,21.49725,2025-10-31,CNYBIRR,2025-10-31
8.8054,8.8935,8.84945,2025-10-31,ZARBIRR,2025-10-31
207.4106,209.4847,208.4477,2025-10-31,XDRBIRR,2025-10-31
176.5873,178.3531,177.4702,2025-10-31,EURBIRR,2025-10-31
41.4197,41.8339,41.6268,2025-10-31,AEDBIRR,2025-10-31
40.566,40.9716,40.7688,2025-10-31,SARBIRR,2025-10-31
99.8333,100.8317,100.3325,2025-10-31,AUDBIRR,2025-10-31
108.935,110.0243,109.4797,2025-10-31,CADBIRR,2025-10-31
152.1386,153.66,152.1386,2025-10-31,USDBIRR,2025-10-31
1.1757,1.211,1.19335,2025-10-31,KESBIRR,2025-10-31
1.7151,1.7322,1.72365,2025-10-31,INRBIRR,2025-10-31
0.8521,0.8776,0.86485,2025-10-31,DJFBIRR,2025-10-31
23.6471,23.8836,23.76535,2025-10-31,DKKBIRR,2025-10-31
15.1293,15.2806,15.20495,2025-10-31,NOKBIRR,2025-10-31
16.1518,16.3133,16.23255,2025-10-31,SEKBIRR,2025-10-31
190.1257,192.027,191.0764,2025-10-31,CHFBIRR,2025-10-31
200.473,202.4778,201.4754,2025-10-31,GBPBIRR,2025-10-31
0.9906,1.0005,0.99555,2025-11-03,JPYBIRR,2025-11-03
497.7955,502.7735,500.2845,2025-11-03,KWDBIRR,2025-11-03
21.4614,21.6761,21.56875,2025-11-03,CNYBIRR,2025-11-03
8.8036,8.8917,8.84765,2025-11-03,ZARBIRR,2025-11-03
207.6375,209.7138,208.6757,2025-11-03,XDRBIRR,2025-11-03
176.6445,178.411,177.5278,2025-11-03,EURBIRR,2025-11-03
41.5645,41.9801,41.7723,2025-11-03,AEDBIRR,2025-11-03
40.7089,41.116,40.91245,2025-11-03,SARBIRR,2025-11-03
99.8492,100.8477,100.3485,2025-11-03,AUDBIRR,2025-11-03
108.9366,110.0259,109.4813,2025-11-03,CADBIRR,2025-11-03
152.6746,154.2014,152.6746,2025-11-03,USDBIRR,2025-11-03
1.1799,1.2153,1.1976,2025-11-03,KESBIRR,2025-11-03
1.721,1.7382,1.7296,2025-11-03,INRBIRR,2025-11-03
0.8551,0.8807,0.8679,2025-11-03,DJFBIRR,2025-11-03
23.6554,23.892,23.7737,2025-11-03,DKKBIRR,2025-11-03
15.123,15.2743,15.19865,2025-11-03,NOKBIRR,2025-11-03
16.1511,16.3126,16.23185,2025-11-03,SEKBIRR,2025-11-03
190.2487,192.1512,191.2,2025-11-03,CHFBIRR,2025-11-03
200.4312,202.4355,201.4334,2025-11-03,GBPBIRR,2025-11-03
0.9929,1.0028,0.99785,2025-11-04,JPYBIRR,2025-11-04
498.1351,503.1165,500.6258,2025-11-04,KWDBIRR,2025-11-04
21.4836,21.6985,21.59105,2025-11-04,CNYBIRR,2025-11-04
8.8372,8.9256,8.8814,2025-11-04,ZARBIRR,2025-11-04
208.0918,210.1728,209.1323,2025-11-04,XDRBIRR,2025-11-04
176.1589,177.9205,177.0397,2025-11-04,EURBIRR,2025-11-04
41.6566,42.0731,41.86485,2025-11-04,AEDBIRR,2025-11-04
40.7958,41.2038,40.9998,2025-11-04,SARBIRR,2025-11-04
100.2666,101.2693,100.768,2025-11-04,AUDBIRR,2025-11-04
109.0582,110.1488,109.6035,2025-11-04,CADBIRR,2025-11-04
153.0087,154.5388,153.0087,2025-11-04,USDBIRR,2025-11-04
1.1838,1.2193,1.20155,2025-11-04,KESBIRR,2025-11-04
1.7231,1.7403,1.7317,2025-11-04,INRBIRR,2025-11-04
0.857,0.8827,0.86985,2025-11-04,DJFBIRR,2025-11-04
23.5895,23.8254,23.70745,2025-11-04,DKKBIRR,2025-11-04
15.115,15.2661,15.19055,2025-11-04,NOKBIRR,2025-11-04
16.1008,16.2618,16.1813,2025-11-04,SEKBIRR,2025-11-04
189.7194,191.6166,190.668,2025-11-04,CHFBIRR,2025-11-04
200.7933,202.8013,201.7973,2025-11-04,GBPBIRR,2025-11-04
0.9974,1.0074,1.0024,2025-11-05,JPYBIRR,2025-11-05
497.9251,502.9043,500.4147,2025-11-05,KWDBIRR,2025-11-05
21.4775,21.6923,21.5849,2025-11-05,CNYBIRR,2025-11-05
8.7793,8.867,8.8232,2025-11-05,ZARBIRR,2025-11-05
207.5657,209.6414,208.6036,2025-11-05,XDRBIRR,2025-11-05
176.0551,177.8157,176.9354,2025-11-05,EURBIRR,2025-11-05
41.6646,42.0812,41.8729,2025-11-05,AEDBIRR,2025-11-05
40.8037,41.2117,41.0077,2025-11-05,SARBIRR,2025-11-05
99.4901,100.485,99.9876,2025-11-05,AUDBIRR,2025-11-05
108.7537,109.8412,109.2975,2025-11-05,CADBIRR,2025-11-05
153.0382,154.5686,153.0382,2025-11-05,USDBIRR,2025-11-05
1.1827,1.2182,1.2005,2025-11-05,KESBIRR,2025-11-05
1.7253,1.7426,1.734,2025-11-05,INRBIRR,2025-11-05
0.8571,0.8828,0.87,2025-11-05,DJFBIRR,2025-11-05
23.5817,23.8175,23.6996,2025-11-05,DKKBIRR,2025-11-05
15.0005,15.1505,15.0755,2025-11-05,NOKBIRR,2025-11-05
16.0317,16.192,16.1119,2025-11-05,SEKBIRR,2025-11-05
189.2398,191.1322,190.186,2025-11-05,CHFBIRR,2025-11-05
200.0362,202.0366,201.0364,2025-11-05,GBPBIRR,2025-11-05
1.0005,1.0105,1.0055,2025-11-06,JPYBIRR,2025-11-06
500.7706,505.7783,503.2745,2025-11-06,KWDBIRR,2025-11-06
21.5879,21.8038,21.69585,2025-11-06,CNYBIRR,2025-11-06
8.7863,8.8742,8.83025,2025-11-06,ZARBIRR,2025-11-06
208.6942,210.7811,209.7377,2025-11-06,XDRBIRR,2025-11-06
176.6276,178.3939,177.5108,2025-11-06,EURBIRR,2025-11-06
41.8911,42.31,42.10055,2025-11-06,AEDBIRR,2025-11-06
41.0266,41.4368,41.2317,2025-11-06,SARBIRR,2025-11-06
99.6771,100.6739,100.1755,2025-11-06,AUDBIRR,2025-11-06
108.873,109.9617,109.4174,2025-11-06,CADBIRR,2025-11-06
153.8702,155.4089,153.8702,2025-11-06,USDBIRR,2025-11-06
1.1891,1.2248,1.20695,2025-11-06,KESBIRR,2025-11-06
1.7357,1.7531,1.7444,2025-11-06,INRBIRR,2025-11-06
0.8618,0.8876,0.8747,2025-11-06,DJFBIRR,2025-11-06
23.6578,23.8944,23.7761,2025-11-06,DKKBIRR,2025-11-06
15.0612,15.2119,15.13655,2025-11-06,NOKBIRR,2025-11-06
16.0492,16.2097,16.12945,2025-11-06,SEKBIRR,2025-11-06
189.6822,191.579,190.6306,2025-11-06,CHFBIRR,2025-11-06
200.4467,202.4512,201.449,2025-11-06,GBPBIRR,2025-11-06
0.9956,1.0056,1.0006,2025-11-07,JPYBIRR,2025-11-07
498.2487,503.2312,500.74,2025-11-07,KWDBIRR,2025-11-07
21.4909,21.7059,21.5984,2025-11-07,CNYBIRR,2025-11-07
8.8132,8.9014,8.8573,2025-11-07,ZARBIRR,2025-11-07
207.36,209.4336,208.3968,2025-11-07,XDRBIRR,2025-11-07
176.1649,177.9266,177.0458,2025-11-07,EURBIRR,2025-11-07
41.6736,42.0903,41.882,2025-11-07,AEDBIRR,2025-11-07
40.8125,41.2206,41.0166,2025-11-07,SARBIRR,2025-11-07
99.5855,100.5813,100.0834,2025-11-07,AUDBIRR,2025-11-07
108.5505,109.636,109.0933,2025-11-07,CADBIRR,2025-11-07
153.0671,154.5978,153.0671,2025-11-07,USDBIRR,2025-11-07
1.1829,1.2184,1.2007,2025-11-07,KESBIRR,2025-11-07
1.7271,1.7444,1.7358,2025-11-07,INRBIRR,2025-11-07
0.8573,0.883,0.8702,2025-11-07,DJFBIRR,2025-11-07
23.5985,23.8345,23.7165,2025-11-07,DKKBIRR,2025-11-07
15.0414,15.1918,15.1166,2025-11-07,NOKBIRR,2025-11-07
16.0335,16.1938,16.1137,2025-11-07,SEKBIRR,2025-11-07
189.1118,191.0029,190.0574,2025-11-07,CHFBIRR,2025-11-07
200.1965,202.1984,201.1975,2025-11-07,GBPBIRR,2025-11-07
0.9989,1.0089,1.0039,2025-11-10,JPYBIRR,2025-11-10
498.8089,503.797,501.303,2025-11-10,KWDBIRR,2025-11-10
21.5047,21.7197,21.6122,2025-11-10,CNYBIRR,2025-11-10
8.8408,8.9292,8.885,2025-11-10,ZARBIRR,2025-11-10
207.7171,209.7942,208.7557,2025-11-10,XDRBIRR,2025-11-10
176.8727,178.6414,177.7571,2025-11-10,EURBIRR,2025-11-10
41.695,42.1119,41.9035,2025-11-10,AEDBIRR,2025-11-10
40.8334,41.2417,41.0376,2025-11-10,SARBIRR,2025-11-10
99.3023,100.2954,99.7989,2025-11-10,AUDBIRR,2025-11-10
108.5015,109.5865,109.044,2025-11-10,CADBIRR,2025-11-10
153.1498,154.6813,153.1498,2025-11-10,USDBIRR,2025-11-10
1.1835,1.219,1.2013,2025-11-10,KESBIRR,2025-11-10
1.7275,1.7447,1.7361,2025-11-10,INRBIRR,2025-11-10
0.8577,0.8835,0.8706,2025-11-10,DJFBIRR,2025-11-10
23.6898,23.9267,23.8083,2025-11-10,DKKBIRR,2025-11-10
15.0082,15.1583,15.0833,2025-11-10,NOKBIRR,2025-11-10
16.0167,16.1768,16.0968,2025-11-10,SEKBIRR,2025-11-10
189.7062,191.6032,190.6547,2025-11-10,CHFBIRR,2025-11-10
200.7488,202.7562,201.7525,2025-11-10,GBPBIRR,2025-11-10
1.0005,1.0105,1.0055,2025-11-11,JPYBIRR,2025-11-11
502.327,507.3503,504.8387,2025-11-11,KWDBIRR,2025-11-11
21.6729,21.8897,21.7813,2025-11-11,CNYBIRR,2025-11-11
8.9677,9.0574,9.0126,2025-11-11,ZARBIRR,2025-11-11
209.6283,211.7246,210.6765,2025-11-11,XDRBIRR,2025-11-11
178.3168,180.0999,179.2084,2025-11-11,EURBIRR,2025-11-11
42.0136,42.4337,42.2237,2025-11-11,AEDBIRR,2025-11-11
41.1454,41.5569,41.3512,2025-11-11,SARBIRR,2025-11-11
100.7555,101.7631,101.2593,2025-11-11,AUDBIRR,2025-11-11
110.0792,111.18,110.6296,2025-11-11,CADBIRR,2025-11-11
154.32,155.8632,154.32,2025-11-11,USDBIRR,2025-11-11
1.1926,1.2284,1.2105,2025-11-11,KESBIRR,2025-11-11
1.739,1.7564,1.7477,2025-11-11,INRBIRR,2025-11-11
0.8643,0.8902,0.8773,2025-11-11,DJFBIRR,2025-11-11
23.8812,24.12,24.0006,2025-11-11,DKKBIRR,2025-11-11
15.2582,15.4108,15.3345,2025-11-11,NOKBIRR,2025-11-11
16.2133,16.3755,16.2944,2025-11-11,SEKBIRR,2025-11-11
191.3453,193.2588,192.3021,2025-11-11,CHFBIRR,2025-11-11
202.9617,204.9913,203.9765,2025-11-11,GBPBIRR,2025-11-11
0.9928,1.0027,0.9978,2025-11-12,JPYBIRR,2025-11-12
498.449,503.4335,500.9413,2025-11-12,KWDBIRR,2025-11-12
21.5068,21.7219,21.6144,2025-11-12,CNYBIRR,2025-11-12
8.9256,9.0148,8.9702,2025-11-12,ZARBIRR,2025-11-12
208.0022,210.0822,209.0422,2025-11-12,XDRBIRR,2025-11-12
177.1984,178.9704,178.0844,2025-11-12,EURBIRR,2025-11-12
41.6793,42.096,41.8877,2025-11-12,AEDBIRR,2025-11-12
40.8202,41.2284,41.0243,2025-11-12,SARBIRR,2025-11-12
99.9133,100.9125,100.4129,2025-11-12,AUDBIRR,2025-11-12
109.1469,110.2384,109.6927,2025-11-12,CADBIRR,2025-11-12
153.1004,154.6314,153.1004,2025-11-12,USDBIRR,2025-11-12
1.1832,1.2187,1.201,2025-11-12,KESBIRR,2025-11-12
1.7292,1.7465,1.7379,2025-11-12,INRBIRR,2025-11-12
0.8575,0.8832,0.8704,2025-11-12,DJFBIRR,2025-11-12
23.728,23.9653,23.8467,2025-11-12,DKKBIRR,2025-11-12
15.19,15.3419,15.266,2025-11-12,NOKBIRR,2025-11-12
16.1435,16.305,16.2243,2025-11-12,SEKBIRR,2025-11-12
190.9221,192.8313,191.8767,2025-11-12,CHFBIRR,2025-11-12
201.3117,203.3248,202.3183,2025-11-12,GBPBIRR,2025-11-12
0.9973,1.0072,1.0023,2025-11-13,JPYBIRR,2025-11-13
502.7352,507.7625,505.2489,2025-11-13,KWDBIRR,2025-11-13
21.6968,21.9138,21.8053,2025-11-13,CNYBIRR,2025-11-13
9.0134,9.1035,9.0585,2025-11-13,ZARBIRR,2025-11-13
209.8166,211.9148,210.8657,2025-11-13,XDRBIRR,2025-11-13
178.6823,180.4692,179.5758,2025-11-13,EURBIRR,2025-11-13
42.0451,42.4656,42.2554,2025-11-13,AEDBIRR,2025-11-13
41.1785,41.5903,41.3844,2025-11-13,SARBIRR,2025-11-13
100.893,101.9019,101.3975,2025-11-13,AUDBIRR,2025-11-13
110.1776,111.2793,110.7285,2025-11-13,CADBIRR,2025-11-13
154.4359,155.9803,154.4359,2025-11-13,USDBIRR,2025-11-13
1.1935,1.2293,1.2114,2025-11-13,KESBIRR,2025-11-13
1.7425,1.7599,1.7512,2025-11-13,INRBIRR,2025-11-13
0.8649,0.8909,0.8779,2025-11-13,DJFBIRR,2025-11-13
23.9306,24.1699,24.0503,2025-11-13,DKKBIRR,2025-11-13
15.359,15.5126,15.4358,2025-11-13,NOKBIRR,2025-11-13
16.353,16.5165,16.4348,2025-11-13,SEKBIRR,2025-11-13
193.2139,195.1461,194.18,2025-11-13,CHFBIRR,2025-11-13
202.6662,204.6929,203.6796,2025-11-13,GBPBIRR,2025-11-13
1.0065,1.0166,1.0116,2025-11-14,JPYBIRR,2025-11-14
507.4387,512.5131,509.9759,2025-11-14,KWDBIRR,2025-11-14
21.9352,22.1546,22.0449,2025-11-14,CNYBIRR,2025-11-14
9.159,9.2505,9.2048,2025-11-14,ZARBIRR,2025-11-14
211.4562,213.5707,212.5135,2025-11-14,XDRBIRR,2025-11-14
180.8367,182.6451,181.7409,2025-11-14,EURBIRR,2025-11-14
42.3799,42.8037,42.5918,2025-11-14,AEDBIRR,2025-11-14
41.5097,41.9248,41.7173,2025-11-14,SARBIRR,2025-11-14
102.1478,103.1692,102.6585,2025-11-14,AUDBIRR,2025-11-14
111.2056,112.3177,111.7617,2025-11-14,CADBIRR,2025-11-14
1.2021,1.2381,1.2201,2025-11-14,KESBIRR,2025-11-14
1.755,1.7726,1.7638,2025-11-14,INRBIRR,2025-11-14
0.8718,0.898,0.8849,2025-11-14,DJFBIRR,2025-11-14
24.2149,24.4571,24.336,2025-11-14,DKKBIRR,2025-11-14
15.4856,15.6404,15.563,2025-11-14,NOKBIRR,2025-11-14
155.6656,157.2223,155.6656,2025-11-14,USDBIRR,2025-11-14
16.5269,16.6922,16.6096,2025-11-14,SEKBIRR,2025-11-14
195.6581,197.6147,196.6364,2025-11-14,CHFBIRR,2025-11-14
205.0894,207.1403,206.1149,2025-11-14,GBPBIRR,2025-11-14
1.0043,1.0143,1.0093,2025-11-17,JPYBIRR,2025-11-17
504.6932,509.7401,507.2167,2025-11-17,KWDBIRR,2025-11-17
21.7957,22.0137,21.9047,2025-11-17,CNYBIRR,2025-11-17
9.0145,9.1046,9.0596,2025-11-17,ZARBIRR,2025-11-17
210.4719,212.5767,211.5243,2025-11-17,XDRBIRR,2025-11-17
180.126,181.9272,181.0266,2025-11-17,EURBIRR,2025-11-17
42.1299,42.5512,42.3406,2025-11-17,AEDBIRR,2025-11-17
41.2649,41.6775,41.4712,2025-11-17,SARBIRR,2025-11-17
100.9572,101.9668,101.462,2025-11-17,AUDBIRR,2025-11-17
110.3447,111.4481,110.8964,2025-11-17,CADBIRR,2025-11-17
154.7474,156.2949,154.7474,2025-11-17,USDBIRR,2025-11-17
1.195,1.2308,1.2129,2025-11-17,KESBIRR,2025-11-17
1.7438,1.7612,1.7525,2025-11-17,INRBIRR,2025-11-17
0.8667,0.8927,0.8797,2025-11-17,DJFBIRR,2025-11-17
24.1175,24.3587,24.2381,2025-11-17,DKKBIRR,2025-11-17
15.3562,15.5098,15.433,2025-11-17,NOKBIRR,2025-11-17
16.391,16.5549,16.473,2025-11-17,SEKBIRR,2025-11-17
196.0068,197.9669,196.9869,2025-11-17,CHFBIRR,2025-11-17
203.725,205.7622,204.7436,2025-11-17,GBPBIRR,2025-11-17
0.9965,1.0065,1.0015,2025-11-18,JPYBIRR,2025-11-18
502.8701,507.8988,505.3845,2025-11-18,KWDBIRR,2025-11-18
21.7049,21.9219,21.8134,2025-11-18,CNYBIRR,2025-11-18
9.0433,9.1337,9.0885,2025-11-18,ZARBIRR,2025-11-18
209.9111,212.0102,210.9607,2025-11-18,XDRBIRR,2025-11-18
178.9783,180.768,179.8732,2025-11-18,EURBIRR,2025-11-18
42.0022,42.4222,42.2122,2025-11-18,AEDBIRR,2025-11-18
41.1376,41.549,41.3433,2025-11-18,SARBIRR,2025-11-18
100.5277,101.533,101.0304,2025-11-18,AUDBIRR,2025-11-18
109.9945,111.0945,110.5445,2025-11-18,CADBIRR,2025-11-18
154.2783,155.8211,154.2783,2025-11-18,USDBIRR,2025-11-18
1.1895,1.2252,1.2074,2025-11-18,KESBIRR,2025-11-18
1.7408,1.7582,1.7495,2025-11-18,INRBIRR,2025-11-18
0.8641,0.89,0.8771,2025-11-18,DJFBIRR,2025-11-18
23.9678,24.2075,24.0877,2025-11-18,DKKBIRR,2025-11-18
15.2914,15.4443,15.3679,2025-11-18,NOKBIRR,2025-11-18
16.3458,16.5093,16.4276,2025-11-18,SEKBIRR,2025-11-18
193.9388,195.8782,194.9085,2025-11-18,CHFBIRR,2025-11-18
203.1074,205.1385,204.123,2025-11-18,GBPBIRR,2025-11-18
0.9902,1.0001,0.99515,2025-11-19,JPYBIRR,2025-11-19
501.3638,506.3774,503.8706,2025-11-19,KWDBIRR,2025-11-19
21.6416,21.858,21.7498,2025-11-19,CNYBIRR,2025-11-19
8.9436,9.033,8.9883,2025-11-19,ZARBIRR,2025-11-19
209.303,211.3961,210.34955,2025-11-19,XDRBIRR,2025-11-19
178.2746,180.0574,179.166,2025-11-19,EURBIRR,2025-11-19
41.9021,42.3211,42.1116,2025-11-19,AEDBIRR,2025-11-19
41.0384,41.4488,41.2436,2025-11-19,SARBIRR,2025-11-19
100.0265,101.0268,100.52665,2025-11-19,AUDBIRR,2025-11-19
109.6464,110.7428,110.1946,2025-11-19,CADBIRR,2025-11-19
153.9106,155.4497,153.9106,2025-11-19,USDBIRR,2025-11-19
1.1839,1.2194,1.20165,2025-11-19,KESBIRR,2025-11-19
1.737,1.7544,1.7457,2025-11-19,INRBIRR,2025-11-19
0.862,0.8879,0.87495,2025-11-19,DJFBIRR,2025-11-19
23.8677,24.1063,23.987,2025-11-19,DKKBIRR,2025-11-19
15.1723,15.324,15.24815,2025-11-19,NOKBIRR,2025-11-19
16.2086,16.3707,16.28965,2025-11-19,SEKBIRR,2025-11-19
193.0398,194.9702,194.005,2025-11-19,CHFBIRR,2025-11-19
202.3309,204.3542,203.34255,2025-11-19,GBPBIRR,2025-11-19
0.9873,0.9971,0.9922,2025-11-20,JPYBIRR,2025-11-20
502.1145,507.1357,504.6251,2025-11-20,KWDBIRR,2025-11-20
21.6937,21.9107,21.8022,2025-11-20,CNYBIRR,2025-11-20
8.9768,9.0666,9.0217,2025-11-20,ZARBIRR,2025-11-20
209.6001,211.6961,210.6481,2025-11-20,XDRBIRR,2025-11-20
178.5111,180.2962,179.4037,2025-11-20,EURBIRR,2025-11-20
42.0048,42.4249,42.2149,2025-11-20,AEDBIRR,2025-11-20
41.1391,41.5504,41.3448,2025-11-20,SARBIRR,2025-11-20
100.0248,101.0251,100.525,2025-11-20,AUDBIRR,2025-11-20
110.1427,111.2441,110.6934,2025-11-20,CADBIRR,2025-11-20
1.1846,1.2201,1.2024,2025-11-20,KESBIRR,2025-11-20
1.7418,1.7592,1.7505,2025-11-20,INRBIRR,2025-11-20
0.8641,0.89,0.8771,2025-11-20,DJFBIRR,2025-11-20
23.901,24.14,24.0205,2025-11-20,DKKBIRR,2025-11-20
15.2327,15.3851,15.3089,2025-11-20,NOKBIRR,2025-11-20
16.2391,16.4015,16.3203,2025-11-20,SEKBIRR,2025-11-20
192.1394,194.0607,193.1001,2025-11-20,CHFBIRR,2025-11-20
154.2879,155.8308,154.2879,2025-11-20,USDBIRR,2025-11-20
202.1634,204.1851,203.1743,2025-11-20,GBPBIRR,2025-11-20
0.9772,0.987,0.9821,2025-11-21,JPYBIRR,2025-11-21
501.1774,506.1892,503.6833,2025-11-21,KWDBIRR,2025-11-21
21.6589,21.8755,21.7672,2025-11-21,CNYBIRR,2025-11-21
8.9336,9.0229,8.9783,2025-11-21,ZARBIRR,2025-11-21
209.2695,211.3622,210.3159,2025-11-21,XDRBIRR,2025-11-21
177.4037,179.1777,178.2907,2025-11-21,EURBIRR,2025-11-21
41.9509,42.3704,42.1607,2025-11-21,AEDBIRR,2025-11-21
41.0852,41.496,41.2906,2025-11-21,SARBIRR,2025-11-21
99.7578,100.7554,100.2566,2025-11-21,AUDBIRR,2025-11-21
109.5166,110.6118,110.0642,2025-11-21,CADBIRR,2025-11-21
154.0899,155.6308,154.0899,2025-11-21,USDBIRR,2025-11-21
1.183,1.2185,1.2008,2025-11-21,KESBIRR,2025-11-21
1.7366,1.754,1.7453,2025-11-21,INRBIRR,2025-11-21
0.863,0.8889,0.876,2025-11-21,DJFBIRR,2025-11-21
23.7504,23.9879,23.8692,2025-11-21,DKKBIRR,2025-11-21
15.1119,15.263,15.1875,2025-11-21,NOKBIRR,2025-11-21
16.1251,16.2864,16.2058,2025-11-21,SEKBIRR,2025-11-21
190.7762,192.6839,191.7301,2025-11-21,CHFBIRR,2025-11-21
201.226,203.2383,202.2322,2025-11-21,GBPBIRR,2025-11-21
0.9768,0.9866,0.9817,2025-11-24,JPYBIRR,2025-11-24
498.2189,503.2011,500.71,2025-11-24,KWDBIRR,2025-11-24
21.5336,21.7489,21.6413,2025-11-24,CNYBIRR,2025-11-24
8.8256,8.9139,8.8698,2025-11-24,ZARBIRR,2025-11-24
207.3169,209.3901,208.3535,2025-11-24,XDRBIRR,2025-11-24
176.449,178.2135,177.3313,2025-11-24,EURBIRR,2025-11-24
41.6842,42.101,41.8926,2025-11-24,AEDBIRR,2025-11-24
40.8229,41.2311,41.027,2025-11-24,SARBIRR,2025-11-24
98.4832,99.468,98.9756,2025-11-24,AUDBIRR,2025-11-24
108.6226,109.7088,109.1657,2025-11-24,CADBIRR,2025-11-24
153.1144,154.6455,153.1144,2025-11-24,USDBIRR,2025-11-24
1.1819,1.2174,1.1997,2025-11-24,KESBIRR,2025-11-24
1.7096,1.7267,1.7182,2025-11-24,INRBIRR,2025-11-24
0.8575,0.8833,0.8704,2025-11-24,DJFBIRR,2025-11-24
23.6248,23.861,23.7429,2025-11-24,DKKBIRR,2025-11-24
14.9073,15.0564,14.9819,2025-11-24,NOKBIRR,2025-11-24
15.9832,16.143,16.0631,2025-11-24,SEKBIRR,2025-11-24
190.0862,191.987,191.0366,2025-11-24,CHFBIRR,2025-11-24
199.8908,201.8898,200.8903,2025-11-24,GBPBIRR,2025-11-24
0.9822,0.9921,0.9872,2025-11-25,JPYBIRR,2025-11-25
500.9453,505.9547,503.45,2025-11-25,KWDBIRR,2025-11-25
21.6621,21.8787,21.7704,2025-11-25,CNYBIRR,2025-11-25
8.8837,8.9725,8.9281,2025-11-25,ZARBIRR,2025-11-25
208.4578,210.5424,209.5001,2025-11-25,XDRBIRR,2025-11-25
177.6664,179.443,178.5547,2025-11-25,EURBIRR,2025-11-25
41.9147,42.3339,42.1243,2025-11-25,AEDBIRR,2025-11-25
41.0475,41.458,41.2528,2025-11-25,SARBIRR,2025-11-25
99.3023,100.2953,99.7988,2025-11-25,AUDBIRR,2025-11-25
109.1042,110.1953,109.6498,2025-11-25,CADBIRR,2025-11-25
153.957,155.4966,153.957,2025-11-25,USDBIRR,2025-11-25
1.1843,1.2198,1.2021,2025-11-25,KESBIRR,2025-11-25
1.7275,1.7448,1.7362,2025-11-25,INRBIRR,2025-11-25
0.8623,0.8881,0.8752,2025-11-25,DJFBIRR,2025-11-25
23.7885,24.0264,23.9075,2025-11-25,DKKBIRR,2025-11-25
15.033,15.1833,15.1082,2025-11-25,NOKBIRR,2025-11-25
16.1362,16.2976,16.2169,2025-11-25,SEKBIRR,2025-11-25
190.8479,192.7564,191.8022,2025-11-25,CHFBIRR,2025-11-25
201.5143,203.5295,202.5219,2025-11-25,GBPBIRR,2025-11-25
0.9829,0.9927,0.9878,2025-11-26,JPYBIRR,2025-11-26
500.5996,505.6056,503.1026,2025-11-26,KWDBIRR,2025-11-26
21.7052,21.9222,21.8137,2025-11-26,CNYBIRR,2025-11-26
8.9137,9.0029,8.9583,2025-11-26,ZARBIRR,2025-11-26
208.5986,210.6845,209.64155,2025-11-26,XDRBIRR,2025-11-26
177.4034,179.1774,178.2904,2025-11-26,EURBIRR,2025-11-26
41.8792,42.298,42.0886,2025-11-26,AEDBIRR,2025-11-26
41.0095,41.4196,41.21455,2025-11-26,SARBIRR,2025-11-26
99.2001,100.1921,99.6961,2025-11-26,AUDBIRR,2025-11-26
108.9239,110.0132,109.46855,2025-11-26,CADBIRR,2025-11-26
153.8224,155.3606,153.8224,2025-11-26,USDBIRR,2025-11-26
1.1851,1.2206,1.20285,2025-11-26,KESBIRR,2025-11-26
1.7243,1.7416,1.73295,2025-11-26,INRBIRR,2025-11-26
0.8615,0.8874,0.87445,2025-11-26,DJFBIRR,2025-11-26
23.7527,23.9902,23.87145,2025-11-26,DKKBIRR,2025-11-26
15.0123,15.1625,15.0874,2025-11-26,NOKBIRR,2025-11-26
16.0677,16.2284,16.14805,2025-11-26,SEKBIRR,2025-11-26
189.8573,191.7559,190.8066,2025-11-26,CHFBIRR,2025-11-26
201.7996,203.8176,202.8086,2025-11-26,GBPBIRR,2025-11-26
0.9835,0.9933,0.9884,2025-11-27,JPYBIRR,2025-11-27
500.9752,505.985,503.4801,2025-11-27,KWDBIRR,2025-11-27
21.7331,21.9505,21.8418,2025-11-27,CNYBIRR,2025-11-27
8.9783,9.0681,9.0232,2025-11-27,ZARBIRR,2025-11-27
208.6845,210.7714,209.728,2025-11-27,XDRBIRR,2025-11-27
178.0613,179.8419,178.9516,2025-11-27,EURBIRR,2025-11-27
41.8953,42.3143,42.1048,2025-11-27,AEDBIRR,2025-11-27
41.0275,41.4377,41.2326,2025-11-27,SARBIRR,2025-11-27
99.8873,100.8861,100.3867,2025-11-27,AUDBIRR,2025-11-27
109.2163,110.3085,109.7624,2025-11-27,CADBIRR,2025-11-27
153.8858,155.4247,153.8858,2025-11-27,USDBIRR,2025-11-27
1.1846,1.2202,1.2024,2025-11-27,KESBIRR,2025-11-27
1.7244,1.7417,1.7331,2025-11-27,INRBIRR,2025-11-27
0.8619,0.8877,0.8748,2025-11-27,DJFBIRR,2025-11-27
23.842,24.0804,23.9612,2025-11-27,DKKBIRR,2025-11-27
15.0529,15.2034,15.1282,2025-11-27,NOKBIRR,2025-11-27
16.1516,16.3131,16.2324,2025-11-27,SEKBIRR,2025-11-27
190.8306,192.7389,191.7848,2025-11-27,CHFBIRR,2025-11-27
202.7292,204.7564,203.7428,2025-11-27,GBPBIRR,2025-11-27
0.9792,0.989,0.9841,2025-11-28,JPYBIRR,2025-11-28
498.2924,503.2753,500.7839,2025-11-28,KWDBIRR,2025-11-28
21.6026,21.8187,21.7107,2025-11-28,CNYBIRR,2025-11-28
8.9194,9.0086,8.964,2025-11-28,ZARBIRR,2025-11-28
207.9049,209.984,208.9445,2025-11-28,XDRBIRR,2025-11-28
177.2227,178.9949,178.1088,2025-11-28,EURBIRR,2025-11-28
41.6632,42.0798,41.8715,2025-11-28,AEDBIRR,2025-11-28
40.7979,41.2059,41.0019,2025-11-28,SARBIRR,2025-11-28
99.836,100.8343,100.3352,2025-11-28,AUDBIRR,2025-11-28
108.925,110.0143,109.4697,2025-11-28,CADBIRR,2025-11-28
153.0288,154.5591,153.0288,2025-11-28,USDBIRR,2025-11-28
1.1781,1.2134,1.1958,2025-11-28,KESBIRR,2025-11-28
1.7126,1.7297,1.7212,2025-11-28,INRBIRR,2025-11-28
0.8571,0.8828,0.87,2025-11-28,DJFBIRR,2025-11-28
23.7283,23.9656,23.847,2025-11-28,DKKBIRR,2025-11-28
15.0324,15.1828,15.1076,2025-11-28,NOKBIRR,2025-11-28
16.1224,16.2836,16.203,2025-11-28,SEKBIRR,2025-11-28
189.8149,191.7131,190.764,2025-11-28,CHFBIRR,2025-11-28
202.3959,204.4198,203.4079,2025-11-28,GBPBIRR,2025-11-28
0.9845,0.9944,0.9895,2025-12-01,JPYBIRR,2025-12-01
501.2301,506.2424,503.7363,2025-12-01,KWDBIRR,2025-12-01
21.7579,21.9754,21.8667,2025-12-01,CNYBIRR,2025-12-01
8.9782,9.068,9.0231,2025-12-01,ZARBIRR,2025-12-01
209.1563,211.2479,210.2021,2025-12-01,XDRBIRR,2025-12-01
178.0123,179.7924,178.9024,2025-12-01,EURBIRR,2025-12-01
41.9117,42.3308,42.1213,2025-12-01,AEDBIRR,2025-12-01
41.0358,41.4462,41.241,2025-12-01,SARBIRR,2025-12-01
100.4061,101.4102,100.9082,2025-12-01,AUDBIRR,2025-12-01
109.6353,110.7317,110.1835,2025-12-01,CADBIRR,2025-12-01
153.9499,155.4894,153.9499,2025-12-01,USDBIRR,2025-12-01
1.1879,1.2235,1.2057,2025-12-01,KESBIRR,2025-12-01
1.7208,1.738,1.7294,2025-12-01,INRBIRR,2025-12-01
0.8622,0.8881,0.8752,2025-12-01,DJFBIRR,2025-12-01
23.8368,24.0752,23.956,2025-12-01,DKKBIRR,2025-12-01
15.1262,15.2775,15.2019,2025-12-01,NOKBIRR,2025-12-01
16.1959,16.3578,16.2769,2025-12-01,SEKBIRR,2025-12-01
190.8391,192.7475,191.7933,2025-12-01,CHFBIRR,2025-12-01
203.3986,205.4326,204.4156,2025-12-01,GBPBIRR,2025-12-01
0.9943,1.0042,0.9993,2025-12-02,JPYBIRR,2025-12-02
502.8385,507.8669,505.3527,2025-12-02,KWDBIRR,2025-12-02
21.8206,22.0388,21.9297,2025-12-02,CNYBIRR,2025-12-02
9.0269,9.1172,9.0721,2025-12-02,ZARBIRR,2025-12-02
209.6472,211.7437,210.6955,2025-12-02,XDRBIRR,2025-12-02
179.4485,181.243,180.3458,2025-12-02,EURBIRR,2025-12-02
42.0112,42.4313,42.2213,2025-12-02,AEDBIRR,2025-12-02
41.1179,41.529,41.3235,2025-12-02,SARBIRR,2025-12-02
101.0893,102.1002,101.5948,2025-12-02,AUDBIRR,2025-12-02
110.3563,111.4599,110.9081,2025-12-02,CADBIRR,2025-12-02
1.1934,1.2292,1.2113,2025-12-02,KESBIRR,2025-12-02
1.7235,1.7407,1.7321,2025-12-02,INRBIRR,2025-12-02
154.3112,155.8543,154.3112,2025-12-02,USDBIRR,2025-12-02
0.8642,0.8902,0.8772,2025-12-02,DJFBIRR,2025-12-02
24.0263,24.2665,24.1464,2025-12-02,DKKBIRR,2025-12-02
15.2332,15.3856,15.3094,2025-12-02,NOKBIRR,2025-12-02
16.3699,16.5336,16.4518,2025-12-02,SEKBIRR,2025-12-02
192.2402,194.1626,193.2014,2025-12-02,CHFBIRR,2025-12-02
204.2154,206.2576,205.2365,2025-12-02,GBPBIRR,2025-12-02
0.9965,1.0064,1.0015,2025-12-03,JPYBIRR,2025-12-03
506.2306,511.2929,508.7618,2025-12-03,KWDBIRR,2025-12-03
21.9805,22.2003,22.0904,2025-12-03,CNYBIRR,2025-12-03
9.0764,9.1672,9.1218,2025-12-03,ZARBIRR,2025-12-03
211.7092,213.8263,212.7678,2025-12-03,XDRBIRR,2025-12-03
180.4369,182.2413,181.3391,2025-12-03,EURBIRR,2025-12-03
42.3153,42.7385,42.5269,2025-12-03,AEDBIRR,2025-12-03
41.4045,41.8186,41.6116,2025-12-03,SARBIRR,2025-12-03
101.7435,102.7609,102.2522,2025-12-03,AUDBIRR,2025-12-03
110.9174,112.0265,111.472,2025-12-03,CADBIRR,2025-12-03
155.4285,156.9828,155.4285,2025-12-03,USDBIRR,2025-12-03
1.2011,1.2372,1.2192,2025-12-03,KESBIRR,2025-12-03
1.7276,1.7449,1.7363,2025-12-03,INRBIRR,2025-12-03
0.8705,0.8966,0.8836,2025-12-03,DJFBIRR,2025-12-03
24.16,24.4016,24.2808,2025-12-03,DKKBIRR,2025-12-03
15.2833,15.4362,15.3598,2025-12-03,NOKBIRR,2025-12-03
16.4193,16.5835,16.5014,2025-12-03,SEKBIRR,2025-12-03
193.0789,195.0097,194.0443,2025-12-03,CHFBIRR,2025-12-03
205.0879,207.1388,206.1134,2025-12-03,GBPBIRR,2025-12-03
0.9946,1.0045,0.9996,2025-12-04,JPYBIRR,2025-12-04
503.748,508.7855,506.2668,2025-12-04,KWDBIRR,2025-12-04
21.8869,22.1058,21.9964,2025-12-04,CNYBIRR,2025-12-04
9.0486,9.1391,9.0939,2025-12-04,ZARBIRR,2025-12-04
210.3769,212.4806,211.4288,2025-12-04,XDRBIRR,2025-12-04
180.3054,182.1084,181.2069,2025-12-04,EURBIRR,2025-12-04
42.0923,42.5132,42.3028,2025-12-04,AEDBIRR,2025-12-04
41.1951,41.607,41.4011,2025-12-04,SARBIRR,2025-12-04
101.8411,102.8596,102.3504,2025-12-04,AUDBIRR,2025-12-04
110.8867,111.9955,111.4411,2025-12-04,CADBIRR,2025-12-04
154.6093,156.1554,154.6093,2025-12-04,USDBIRR,2025-12-04
1.1939,1.2297,1.2118,2025-12-04,KESBIRR,2025-12-04
1.7139,1.7311,1.7225,2025-12-04,INRBIRR,2025-12-04
0.8659,0.8919,0.8789,2025-12-04,DJFBIRR,2025-12-04
24.14,24.3814,24.2607,2025-12-04,DKKBIRR,2025-12-04
15.3423,15.4958,15.4191,2025-12-04,NOKBIRR,2025-12-04
16.4751,16.6399,16.5575,2025-12-04,SEKBIRR,2025-12-04
193.1409,195.0723,194.1066,2025-12-04,CHFBIRR,2025-12-04
205.4294,207.4837,206.4566,2025-12-04,GBPBIRR,2025-12-04
1.0009,1.0109,1.0059,2025-12-05,JPYBIRR,2025-12-05
504.8191,509.8673,507.3432,2025-12-05,KWDBIRR,2025-12-05
21.911,22.1301,22.0206,2025-12-05,CNYBIRR,2025-12-05
9.1107,9.2018,9.1563,2025-12-05,ZARBIRR,2025-12-05
211.3704,213.4841,212.4273,2025-12-05,XDRBIRR,2025-12-05
180.7828,182.5907,181.6868,2025-12-05,EURBIRR,2025-12-05
42.1868,42.6087,42.3978,2025-12-05,AEDBIRR,2025-12-05
41.2876,41.7005,41.4941,2025-12-05,SARBIRR,2025-12-05
102.439,103.4634,102.9512,2025-12-05,AUDBIRR,2025-12-05
110.9258,112.0351,111.4805,2025-12-05,CADBIRR,2025-12-05
154.9523,156.5018,154.9523,2025-12-05,USDBIRR,2025-12-05
1.1965,1.2324,1.2145,2025-12-05,KESBIRR,2025-12-05
1.7228,1.74,1.7314,2025-12-05,INRBIRR,2025-12-05
0.8678,0.8939,0.8809,2025-12-05,DJFBIRR,2025-12-05
24.2064,24.4484,24.3274,2025-12-05,DKKBIRR,2025-12-05
15.3707,15.5244,15.4476,2025-12-05,NOKBIRR,2025-12-05
16.4992,16.6642,16.5817,2025-12-05,SEKBIRR,2025-12-05
193.521,195.4563,194.4887,2025-12-05,CHFBIRR,2025-12-05
206.7374,208.8047,207.7711,2025-12-05,GBPBIRR,2025-12-05
0.9977,1.0077,1.0027,2025-12-08,JPYBIRR,2025-12-08
504.1001,509.1411,506.6206,2025-12-08,KWDBIRR,2025-12-08
21.8955,22.1145,22.005,2025-12-08,CNYBIRR,2025-12-08
9.1352,9.2266,9.1809,2025-12-08,ZARBIRR,2025-12-08
211.3809,213.4947,212.4378,2025-12-08,XDRBIRR,2025-12-08
180.2945,182.0975,181.196,2025-12-08,EURBIRR,2025-12-08
42.1476,42.5691,42.3584,2025-12-08,AEDBIRR,2025-12-08
41.2503,41.6628,41.4566,2025-12-08,SARBIRR,2025-12-08
102.6097,103.6358,103.1228,2025-12-08,AUDBIRR,2025-12-08
111.0164,112.1266,111.5715,2025-12-08,CADBIRR,2025-12-08
154.8124,156.3605,154.8124,2025-12-08,USDBIRR,2025-12-08
1.195,1.2309,1.213,2025-12-08,KESBIRR,2025-12-08
1.7207,1.7379,1.7293,2025-12-08,INRBIRR,2025-12-08
0.8671,0.8931,0.8801,2025-12-08,DJFBIRR,2025-12-08
24.1412,24.3826,24.2619,2025-12-08,DKKBIRR,2025-12-08
15.3114,15.4646,15.388,2025-12-08,NOKBIRR,2025-12-08
16.4446,16.609,16.5268,2025-12-08,SEKBIRR,2025-12-08
192.6726,194.5993,193.636,2025-12-08,CHFBIRR,2025-12-08
206.4578,208.5224,207.4901,2025-12-08,GBPBIRR,2025-12-08
0.9982,1.0082,1.0032,2025-12-09,JPYBIRR,2025-12-09
505.6406,510.697,508.1688,2025-12-09,KWDBIRR,2025-12-09
21.9666,22.1862,22.0764,2025-12-09,CNYBIRR,2025-12-09
9.1461,9.2376,9.1919,2025-12-09,ZARBIRR,2025-12-09
211.7213,213.8385,212.7799,2025-12-09,XDRBIRR,2025-12-09
180.8854,182.6942,181.7898,2025-12-09,EURBIRR,2025-12-09
42.2701,42.6928,42.4815,2025-12-09,AEDBIRR,2025-12-09
41.3052,41.7183,41.5118,2025-12-09,SARBIRR,2025-12-09
102.9882,104.0181,103.5032,2025-12-09,AUDBIRR,2025-12-09
112.3247,113.4479,112.8863,2025-12-09,CADBIRR,2025-12-09
155.2664,156.8191,155.2664,2025-12-09,USDBIRR,2025-12-09
1.1999,1.2359,1.2179,2025-12-09,KESBIRR,2025-12-09
1.7235,1.7407,1.7321,2025-12-09,INRBIRR,2025-12-09
0.8696,0.8957,0.8827,2025-12-09,DJFBIRR,2025-12-09
24.2165,24.4586,24.3376,2025-12-09,DKKBIRR,2025-12-09
15.3277,15.481,15.4044,2025-12-09,NOKBIRR,2025-12-09
16.4965,16.6614,16.579,2025-12-09,SEKBIRR,2025-12-09
192.8775,194.8063,193.8419,2025-12-09,CHFBIRR,2025-12-09
206.7217,208.7889,207.7553,2025-12-09,GBPBIRR,2025-12-09
505.4677,510.5224,507.9951,2025-12-10,KWDBIRR,2025-12-10
21.9706,22.1903,22.0805,2025-12-10,CNYBIRR,2025-12-10
9.1111,9.2022,9.1567,2025-12-10,ZARBIRR,2025-12-10
211.6244,213.7406,212.6825,2025-12-10,XDRBIRR,2025-12-10
180.6428,182.4493,181.5461,2025-12-10,EURBIRR,2025-12-10
42.2581,42.6806,42.4694,2025-12-10,AEDBIRR,2025-12-10
41.3617,41.7753,41.5685,2025-12-10,SARBIRR,2025-12-10
103.0027,104.0328,103.5178,2025-12-10,AUDBIRR,2025-12-10
112.1275,113.2488,112.6882,2025-12-10,CADBIRR,2025-12-10
0.9942,1.0041,0.9992,2025-12-10,JPYBIRR,2025-12-10
155.2181,156.7703,155.2181,2025-12-10,USDBIRR,2025-12-10
1.1995,1.2355,1.2175,2025-12-10,KESBIRR,2025-12-10
1.727,1.7443,1.7357,2025-12-10,INRBIRR,2025-12-10
0.8693,0.8954,0.8824,2025-12-10,DJFBIRR,2025-12-10
24.1871,24.4289,24.308,2025-12-10,DKKBIRR,2025-12-10
15.3409,15.4943,15.4176,2025-12-10,NOKBIRR,2025-12-10
16.5892,16.755,16.6721,2025-12-10,SEKBIRR,2025-12-10
192.4112,194.3353,193.3733,2025-12-10,CHFBIRR,2025-12-10
206.8592,208.9278,207.8935,2025-12-10,GBPBIRR,2025-12-10
0.9936,1.0036,0.9986,2025-12-11,JPYBIRR,2025-12-11
507.0918,512.1627,509.6273,2025-12-11,KWDBIRR,2025-12-11
22.0463,22.2667,22.1565,2025-12-11,CNYBIRR,2025-12-11
9.1658,9.2575,9.2117,2025-12-11,ZARBIRR,2025-12-11
212.2721,214.3948,213.3335,2025-12-11,XDRBIRR,2025-12-11
181.1843,182.9962,182.0903,2025-12-11,EURBIRR,2025-12-11
42.403,42.827,42.615,2025-12-11,AEDBIRR,2025-12-11
41.5024,41.9174,41.7099,2025-12-11,SARBIRR,2025-12-11
103.4805,104.5153,103.9979,2025-12-11,AUDBIRR,2025-12-11
112.4226,113.5468,112.9847,2025-12-11,CADBIRR,2025-12-11
155.7503,157.3078,155.7503,2025-12-11,USDBIRR,2025-12-11
1.2036,1.2397,1.2217,2025-12-11,KESBIRR,2025-12-11
1.731,1.7483,1.7397,2025-12-11,INRBIRR,2025-12-11
0.8723,0.8985,0.8854,2025-12-11,DJFBIRR,2025-12-11
24.2571,24.4997,24.3784,2025-12-11,DKKBIRR,2025-12-11
15.3426,15.496,15.4193,2025-12-11,NOKBIRR,2025-12-11
16.6756,16.8424,16.759,2025-12-11,SEKBIRR,2025-12-11
193.4066,195.3406,194.3736,2025-12-11,CHFBIRR,2025-12-11
207.3036,209.3767,208.3402,2025-12-11,GBPBIRR,2025-12-11
0.9953,1.0053,1.0003,2025-12-12,JPYBIRR,2025-12-12
505.6052,510.6612,508.1332,2025-12-12,KWDBIRR,2025-12-12
21.9803,22.2001,22.0902,2025-12-12,CNYBIRR,2025-12-12
9.1706,9.2623,9.2165,2025-12-12,ZARBIRR,2025-12-12
211.3333,213.4467,212.39,2025-12-12,XDRBIRR,2025-12-12
181.6548,183.4714,182.5631,2025-12-12,EURBIRR,2025-12-12
42.2383,42.6607,42.4495,2025-12-12,AEDBIRR,2025-12-12
41.3379,41.7513,41.5446,2025-12-12,SARBIRR,2025-12-12
103.231,104.2633,103.7472,2025-12-12,AUDBIRR,2025-12-12
112.3967,113.5207,112.9587,2025-12-12,CADBIRR,2025-12-12
155.1412,156.6926,155.1412,2025-12-12,USDBIRR,2025-12-12
1.2008,1.2368,1.2188,2025-12-12,KESBIRR,2025-12-12
1.717,1.7342,1.7256,2025-12-12,INRBIRR,2025-12-12
0.8689,0.895,0.882,2025-12-12,DJFBIRR,2025-12-12
24.3225,24.5657,24.4441,2025-12-12,DKKBIRR,2025-12-12
15.3494,15.5029,15.4262,2025-12-12,NOKBIRR,2025-12-12
16.7727,16.9405,16.8566,2025-12-12,SEKBIRR,2025-12-12
194.6809,196.6277,195.6543,2025-12-12,CHFBIRR,2025-12-12
207.5479,209.6234,208.5857,2025-12-12,GBPBIRR,2025-12-12
0.9938,1.0037,0.9988,2025-12-15,JPYBIRR,2025-12-15
504.4291,509.4734,506.9513,2025-12-15,KWDBIRR,2025-12-15
21.9309,22.1502,22.0406,2025-12-15,CNYBIRR,2025-12-15
9.1881,9.28,9.2341,2025-12-15,ZARBIRR,2025-12-15
210.7836,212.8914,211.8375,2025-12-15,XDRBIRR,2025-12-15
181.6155,183.4317,182.5236,2025-12-15,EURBIRR,2025-12-15
42.1284,42.5497,42.3391,2025-12-15,AEDBIRR,2025-12-15
41.2304,41.6427,41.4366,2025-12-15,SARBIRR,2025-12-15
103.21,104.2421,103.7261,2025-12-15,AUDBIRR,2025-12-15
112.4301,113.5544,112.9923,2025-12-15,CADBIRR,2025-12-15
154.7376,156.285,154.7376,2025-12-15,USDBIRR,2025-12-15
1.1986,1.2345,1.2166,2025-12-15,KESBIRR,2025-12-15
1.7121,1.7292,1.7207,2025-12-15,INRBIRR,2025-12-15
0.8666,0.8926,0.8796,2025-12-15,DJFBIRR,2025-12-15
24.3138,24.5569,24.4354,2025-12-15,DKKBIRR,2025-12-15
15.3528,15.5063,15.4296,2025-12-15,NOKBIRR,2025-12-15
16.7228,16.89,16.8064,2025-12-15,SEKBIRR,2025-12-15
194.6385,196.5849,195.6117,2025-12-15,CHFBIRR,2025-12-15
207.0699,209.1406,208.1053,2025-12-15,GBPBIRR,2025-12-15
0.9996,1.0096,1.0046,2025-12-16,JPYBIRR,2025-12-16
504.8949,509.9439,507.4194,2025-12-16,KWDBIRR,2025-12-16
21.9894,22.2093,22.0994,2025-12-16,CNYBIRR,2025-12-16
9.2217,9.314,9.2679,2025-12-16,ZARBIRR,2025-12-16
211.8011,213.9191,212.8601,2025-12-16,XDRBIRR,2025-12-16
182.0175,183.8377,182.9276,2025-12-16,EURBIRR,2025-12-16
42.1893,42.6112,42.4003,2025-12-16,AEDBIRR,2025-12-16
41.2977,41.7107,41.5042,2025-12-16,SARBIRR,2025-12-16
103.0028,104.0328,103.5178,2025-12-16,AUDBIRR,2025-12-16
112.5191,113.6443,113.0817,2025-12-16,CADBIRR,2025-12-16
154.9613,156.5109,154.9613,2025-12-16,USDBIRR,2025-12-16
1.2003,1.2363,1.2183,2025-12-16,KESBIRR,2025-12-16
1.7074,1.7245,1.716,2025-12-16,INRBIRR,2025-12-16
0.8679,0.8939,0.8809,2025-12-16,DJFBIRR,2025-12-16
24.3654,24.609,24.4872,2025-12-16,DKKBIRR,2025-12-16
15.2846,15.4374,15.361,2025-12-16,NOKBIRR,2025-12-16
16.6699,16.8366,16.7533,2025-12-16,SEKBIRR,2025-12-16
194.6261,196.5724,195.5993,2025-12-16,CHFBIRR,2025-12-16
207.3692,209.4429,208.4061,2025-12-16,GBPBIRR,2025-12-16
1.0024,1.0124,1.0074,2025-12-17,JPYBIRR,2025-12-17
505.6056,510.6616,508.1336,2025-12-17,KWDBIRR,2025-12-17
22.013,22.2332,22.1231,2025-12-17,CNYBIRR,2025-12-17
9.2425,9.335,9.2888,2025-12-17,ZARBIRR,2025-12-17
212.1482,214.2696,213.2089,2025-12-17,XDRBIRR,2025-12-17
182.5079,184.333,183.4205,2025-12-17,EURBIRR,2025-12-17
42.2059,42.628,42.417,2025-12-17,AEDBIRR,2025-12-17
41.3316,41.7449,41.5383,2025-12-17,SARBIRR,2025-12-17
102.9039,103.9329,103.4184,2025-12-17,AUDBIRR,2025-12-17
112.6616,113.7882,113.2249,2025-12-17,CADBIRR,2025-12-17
155.0224,156.5726,155.0224,2025-12-17,USDBIRR,2025-12-17
1.2017,1.2378,1.2198,2025-12-17,KESBIRR,2025-12-17
1.7051,1.7222,1.7137,2025-12-17,INRBIRR,2025-12-17
0.8682,0.8943,0.8813,2025-12-17,DJFBIRR,2025-12-17
24.4272,24.6715,24.5494,2025-12-17,DKKBIRR,2025-12-17
15.2365,15.3889,15.3127,2025-12-17,NOKBIRR,2025-12-17
16.6797,16.8465,16.7631,2025-12-17,SEKBIRR,2025-12-17
195.1194,197.0706,196.095,2025-12-17,CHFBIRR,2025-12-17
208.2416,210.324,209.2828,2025-12-17,GBPBIRR,2025-12-17
0.9957,1.0057,1.0007,2025-12-18,JPYBIRR,2025-12-18
504.5517,509.5972,507.0745,2025-12-18,KWDBIRR,2025-12-18
21.9825,22.2023,22.0924,2025-12-18,CNYBIRR,2025-12-18
9.2456,9.3381,9.2919,2025-12-18,ZARBIRR,2025-12-18
212.0687,214.1894,213.1291,2025-12-18,XDRBIRR,2025-12-18
181.4082,183.2223,182.3153,2025-12-18,EURBIRR,2025-12-18
42.1582,42.5798,42.369,2025-12-18,AEDBIRR,2025-12-18
41.2815,41.6944,41.488,2025-12-18,SARBIRR,2025-12-18
102.5115,103.5366,103.0241,2025-12-18,AUDBIRR,2025-12-18
112.3005,113.4235,112.862,2025-12-18,CADBIRR,2025-12-18
154.8512,156.3997,154.8512,2025-12-18,USDBIRR,2025-12-18
1.2004,1.2364,1.2184,2025-12-18,KESBIRR,2025-12-18
1.7132,1.7303,1.7218,2025-12-18,INRBIRR,2025-12-18
0.8673,0.8933,0.8803,2025-12-18,DJFBIRR,2025-12-18
24.2797,24.5225,24.4011,2025-12-18,DKKBIRR,2025-12-18
15.1536,15.3051,15.2294,2025-12-18,NOKBIRR,2025-12-18
16.5941,16.76,16.6771,2025-12-18,SEKBIRR,2025-12-18
194.4634,196.408,195.4357,2025-12-18,CHFBIRR,2025-12-18
206.525,208.5903,207.5577,2025-12-18,GBPBIRR,2025-12-18
0.9944,1.0044,0.9994,2025-12-19,JPYBIRR,2025-12-19
504.5667,509.6124,507.0896,2025-12-19,KWDBIRR,2025-12-19
22.0105,22.2306,22.1206,2025-12-19,CNYBIRR,2025-12-19
9.2473,9.3398,9.2936,2025-12-19,ZARBIRR,2025-12-19
211.7615,213.8791,212.8203,2025-12-19,XDRBIRR,2025-12-19
181.7091,183.5262,182.6177,2025-12-19,EURBIRR,2025-12-19
42.1957,42.6176,42.4067,2025-12-19,AEDBIRR,2025-12-19
41.3227,41.7359,41.5293,2025-12-19,SARBIRR,2025-12-19
102.4012,103.4252,102.9132,2025-12-19,AUDBIRR,2025-12-19
112.4494,113.5739,113.0117,2025-12-19,CADBIRR,2025-12-19
154.989,156.5389,154.989,2025-12-19,USDBIRR,2025-12-19
1.2015,1.2375,1.2195,2025-12-19,KESBIRR,2025-12-19
1.7169,1.7341,1.7255,2025-12-19,INRBIRR,2025-12-19
0.868,0.8941,0.8811,2025-12-19,DJFBIRR,2025-12-19
24.3166,24.5597,24.4382,2025-12-19,DKKBIRR,2025-12-19
15.1801,15.3319,15.256,2025-12-19,NOKBIRR,2025-12-19
16.6565,16.8231,16.7398,2025-12-19,SEKBIRR,2025-12-19
194.8567,196.8052,195.831,2025-12-19,CHFBIRR,2025-12-19
206.9258,208.9951,207.9605,2025-12-19,GBPBIRR,2025-12-19
