Date,Currency,Rate,Scrape time
08-10-2025,USD,130.0023,
08-10-2025,EUR,151.1992,
08-10-2025,GBP,174.4178,
08-10-2025,JPY,85.2586,
08-10-2025,CNY,18.2599,
08-10-2025,CHF,162.2595,
08-10-2025,CAD,93.1549,
08-10-2025,DKK,20.2518,
08-10-2025,SEK,13.7842,
08-10-2025,NOK,12.9989,
08-10-2025,AED,35.3936,
08-10-2025,SAR,34.6571,
08-10-2025,KWD,425.4699,
08-10-2025,TND,44.374,
08-10-2025,MAD,14.2453,
08-10-2025,LYD,23.9799,
08-10-2025,MRU,3.2607,
08-10-2025,SDR,177.5927,
09-10-2025,USD,130.095,2025-10-09
09-10-2025,EUR,151.0924,2025-10-09
09-10-2025,GBP,173.7148,2025-10-09
09-10-2025,JPY,84.985,2025-10-09
09-10-2025,CNY,18.2523,2025-10-09
09-10-2025,CHF,161.981,2025-10-09
09-10-2025,CAD,93.208,2025-10-09
09-10-2025,DKK,20.2311,2025-10-09
09-10-2025,SEK,13.7329,2025-10-09
09-10-2025,NOK,13.0024,2025-10-09
09-10-2025,AED,35.4193,2025-10-09
09-10-2025,SAR,34.6846,2025-10-09
09-10-2025,KWD,425.7732,2025-10-09
09-10-2025,TND,44.3148,2025-10-09
09-10-2025,MAD,14.2617,2025-10-09
09-10-2025,LYD,23.9208,2025-10-09
09-10-2025,MRU,3.263,2025-10-09
09-10-2025,SDR,177.3551,2025-10-09
10-10-2025,USD,130.2747,2025-10-10
10-10-2025,EUR,150.806,2025-10-10
10-10-2025,GBP,173.2031,2025-10-10
10-10-2025,JPY,85.2305,2025-10-10
10-10-2025,CNY,18.2844,2025-10-10
10-10-2025,CHF,161.7115,2025-10-10
10-10-2025,CAD,92.8908,2025-10-10
10-10-2025,DKK,20.1966,2025-10-10
10-10-2025,SEK,13.6741,2025-10-10
10-10-2025,NOK,12.9144,2025-10-10
10-10-2025,AED,35.4677,2025-10-10
10-10-2025,SAR,34.7325,2025-10-10
10-10-2025,KWD,424.2785,2025-10-10
10-10-2025,TND,44.2795,2025-10-10
10-10-2025,MAD,14.2717,2025-10-10
10-10-2025,LYD,23.9539,2025-10-10
10-10-2025,MRU,3.2675,2025-10-10
10-10-2025,SDR,177.548,2025-10-10
10-10-2025,USD,130.2747,2025-10-11
10-10-2025,EUR,150.806,2025-10-11
10-10-2025,GBP,173.2031,2025-10-11
10-10-2025,JPY,85.2305,2025-10-11
10-10-2025,CNY,18.2844,2025-10-11
10-10-2025,CHF,161.7115,2025-10-11
10-10-2025,CAD,92.8908,2025-10-11
10-10-2025,DKK,20.1966,2025-10-11
10-10-2025,SEK,13.6741,2025-10-11
10-10-2025,NOK,12.9144,2025-10-11
10-10-2025,AED,35.4677,2025-10-11
10-10-2025,SAR,34.7325,2025-10-11
10-10-2025,KWD,424.2785,2025-10-11
10-10-2025,TND,44.2795,2025-10-11
10-10-2025,MAD,14.2717,2025-10-11
10-10-2025,LYD,23.9539,2025-10-11
10-10-2025,MRU,3.2675,2025-10-11
10-10-2025,SDR,177.548,2025-10-11
10-10-2025,USD,130.2747,2025-10-12
10-10-2025,EUR,150.806,2025-10-12
10-10-2025,GBP,173.2031,2025-10-12
10-10-2025,JPY,85.2305,2025-10-12
10-10-2025,CNY,18.2844,2025-10-12
10-10-2025,CHF,161.7115,2025-10-12
10-10-2025,CAD,92.8908,2025-10-12
10-10-2025,DKK,20.1966,2025-10-12
10-10-2025,SEK,13.6741,2025-10-12
10-10-2025,NOK,12.9144,2025-10-12
10-10-2025,AED,35.4677,2025-10-12
10-10-2025,SAR,34.7325,2025-10-12
10-10-2025,KWD,424.2785,2025-10-12
10-10-2025,TND,44.2795,2025-10-12
10-10-2025,MAD,14.2717,2025-10-12
10-10-2025,LYD,23.9539,2025-10-12
10-10-2025,MRU,3.2675,2025-10-12
10-10-2025,SDR,177.548,2025-10-12
13-10-2025,USD,130.1472,2025-10-13
13-10-2025,EUR,150.9773,2025-10-13
13-10-2025,GBP,173.5412,2025-10-13
13-10-2025,JPY,85.4574,2025-10-13
13-10-2025,CNY,18.2514,2025-10-13
13-10-2025,CHF,162.1166,2025-10-13
13-10-2025,CAD,92.9225,2025-10-13
13-10-2025,DKK,20.2188,2025-10-13
13-10-2025,SEK,13.6835,2025-10-13
13-10-2025,NOK,12.9076,2025-10-13
13-10-2025,AED,35.4335,2025-10-13
13-10-2025,SAR,34.6986,2025-10-13
13-10-2025,KWD,424.0705,2025-10-13
13-10-2025,TND,44.1701,2025-10-13
13-10-2025,MAD,14.2034,2025-10-13
13-10-2025,LYD,23.9304,2025-10-13
13-10-2025,MRU,3.2643,2025-10-13
13-10-2025,SDR,177.0358,2025-10-13
14-10-2025,USD,130.3499,2025-10-14
14-10-2025,EUR,150.6389,2025-10-14
14-10-2025,GBP,172.9008,2025-10-14
14-10-2025,JPY,85.7425,2025-10-14
14-10-2025,CNY,18.2541,2025-10-14
14-10-2025,CHF,162.2176,2025-10-14
14-10-2025,CAD,92.7164,2025-10-14
14-10-2025,DKK,20.1705,2025-10-14
14-10-2025,SEK,13.6778,2025-10-14
14-10-2025,NOK,12.8327,2025-10-14
14-10-2025,AED,35.4887,2025-10-14
14-10-2025,SAR,34.7572,2025-10-14
14-10-2025,KWD,424.5234,2025-10-14
14-10-2025,TND,44.2614,2025-10-14
14-10-2025,MAD,14.208,2025-10-14
14-10-2025,LYD,23.9774,2025-10-14
14-10-2025,MRU,3.2694,2025-10-14
14-10-2025,SDR,177.3116,2025-10-14
15-10-2025,USD,130.014,2025-10-15
15-10-2025,EUR,151.2648,2025-10-15
15-10-2025,GBP,173.6994,2025-10-15
15-10-2025,JPY,85.9995,2025-10-15
15-10-2025,CNY,18.2467,2025-10-15
15-10-2025,CHF,162.6192,2025-10-15
15-10-2025,CAD,92.6224,2025-10-15
15-10-2025,DKK,20.2619,2025-10-15
15-10-2025,SEK,13.7089,2025-10-15
15-10-2025,NOK,12.8637,2025-10-15
15-10-2025,AED,35.3968,2025-10-15
15-10-2025,SAR,34.6667,2025-10-15
15-10-2025,KWD,423.7054,2025-10-15
15-10-2025,TND,44.1451,2025-10-15
15-10-2025,MAD,14.1433,2025-10-15
15-10-2025,LYD,23.8678,2025-10-15
15-10-2025,MRU,3.261,2025-10-15
15-10-2025,SDR,176.7636,2025-10-15
16-10-2025,USD,129.9328,2025-10-16
16-10-2025,EUR,151.3717,2025-10-16
16-10-2025,GBP,174.4416,2025-10-16
16-10-2025,JPY,85.8975,2025-10-16
16-10-2025,CNY,18.2344,2025-10-16
16-10-2025,CHF,163.0172,2025-10-16
16-10-2025,CAD,92.581,2025-10-16
16-10-2025,DKK,20.2677,2025-10-16
16-10-2025,SEK,13.7152,2025-10-16
16-10-2025,NOK,12.8908,2025-10-16
16-10-2025,AED,35.3751,2025-10-16
16-10-2025,SAR,34.6442,2025-10-16
16-10-2025,KWD,424.7559,2025-10-16
16-10-2025,TND,44.1176,2025-10-16
16-10-2025,MAD,14.1584,2025-10-16
16-10-2025,LYD,23.9095,2025-10-16
16-10-2025,MRU,3.259,2025-10-16
16-10-2025,SDR,177.1989,2025-10-16
17-10-2025,USD,129.7765,2025-10-17
17-10-2025,EUR,151.6179,2025-10-17
17-10-2025,GBP,174.1733,2025-10-17
17-10-2025,JPY,86.6853,2025-10-17
17-10-2025,CNY,18.2121,2025-10-17
17-10-2025,CHF,164.3677,2025-10-17
17-10-2025,CAD,92.3249,2025-10-17
17-10-2025,DKK,20.3408,2025-10-17
17-10-2025,SEK,13.7163,2025-10-17
17-10-2025,NOK,12.8617,2025-10-17
17-10-2025,AED,35.3321,2025-10-17
17-10-2025,SAR,34.6025,2025-10-17
17-10-2025,KWD,424.5919,2025-10-17
17-10-2025,TND,44.306,2025-10-17
17-10-2025,MAD,14.0896,2025-10-17
17-10-2025,LYD,23.9113,2025-10-17
17-10-2025,MRU,3.2551,2025-10-17
17-10-2025,SDR,177.2324,2025-10-17
17-10-2025,USD,129.7765,2025-10-18
17-10-2025,EUR,151.6179,2025-10-18
17-10-2025,GBP,174.1733,2025-10-18
17-10-2025,JPY,86.6853,2025-10-18
17-10-2025,CNY,18.2121,2025-10-18
17-10-2025,CHF,164.3677,2025-10-18
17-10-2025,CAD,92.3249,2025-10-18
17-10-2025,DKK,20.3408,2025-10-18
17-10-2025,SEK,13.7163,2025-10-18
17-10-2025,NOK,12.8617,2025-10-18
17-10-2025,AED,35.3321,2025-10-18
17-10-2025,SAR,34.6025,2025-10-18
17-10-2025,KWD,424.5919,2025-10-18
17-10-2025,TND,44.306,2025-10-18
17-10-2025,MAD,14.0896,2025-10-18
17-10-2025,LYD,23.9113,2025-10-18
17-10-2025,MRU,3.2551,2025-10-18
17-10-2025,SDR,177.2324,2025-10-18
17-10-2025,USD,129.7765,2025-10-19
17-10-2025,EUR,151.6179,2025-10-19
17-10-2025,GBP,174.1733,2025-10-19
17-10-2025,JPY,86.6853,2025-10-19
17-10-2025,CNY,18.2121,2025-10-19
17-10-2025,CHF,164.3677,2025-10-19
17-10-2025,CAD,92.3249,2025-10-19
17-10-2025,DKK,20.3408,2025-10-19
17-10-2025,SEK,13.7163,2025-10-19
17-10-2025,NOK,12.8617,2025-10-19
17-10-2025,AED,35.3321,2025-10-19
17-10-2025,SAR,34.6025,2025-10-19
17-10-2025,KWD,424.5919,2025-10-19
17-10-2025,TND,44.306,2025-10-19
17-10-2025,MAD,14.0896,2025-10-19
17-10-2025,LYD,23.9113,2025-10-19
17-10-2025,MRU,3.2551,2025-10-19
17-10-2025,SDR,177.2324,2025-10-19
20-10-2025,USD,129.8575,2025-10-20
20-10-2025,EUR,151.4528,2025-10-20
20-10-2025,GBP,174.2703,2025-10-20
20-10-2025,JPY,86.1267,2025-10-20
20-10-2025,CNY,18.2299,2025-10-20
20-10-2025,CHF,163.6928,2025-10-20
20-10-2025,CAD,92.5406,2025-10-20
20-10-2025,DKK,20.2788,2025-10-20
20-10-2025,SEK,13.7725,2025-10-20
20-10-2025,NOK,12.9246,2025-10-20
20-10-2025,AED,35.3546,2025-10-20
20-10-2025,SAR,34.6241,2025-10-20
20-10-2025,KWD,424.3016,2025-10-20
20-10-2025,TND,44.3374,2025-10-20
20-10-2025,MAD,14.1763,2025-10-20
20-10-2025,LYD,23.9262,2025-10-20
20-10-2025,MRU,3.2571,2025-10-20
20-10-2025,SDR,177.6027,2025-10-20
21-10-2025,USD,130.0371,2025-10-21
21-10-2025,EUR,151.1616,2025-10-21
21-10-2025,GBP,174.0792,2025-10-21
21-10-2025,JPY,85.8473,2025-10-21
21-10-2025,CNY,18.2713,2025-10-21
21-10-2025,CHF,163.9296,2025-10-21
21-10-2025,CAD,92.484,2025-10-21
21-10-2025,DKK,20.2389,2025-10-21
21-10-2025,SEK,13.8089,2025-10-21
21-10-2025,NOK,12.9134,2025-10-21
21-10-2025,AED,35.4035,2025-10-21
21-10-2025,SAR,34.6729,2025-10-21
21-10-2025,KWD,424.7497,2025-10-21
21-10-2025,TND,44.3722,2025-10-21
21-10-2025,MAD,14.159,2025-10-21
21-10-2025,LYD,23.9649,2025-10-21
21-10-2025,MRU,3.2616,2025-10-21
21-10-2025,SDR,177.5883,2025-10-21
22-10-2025,USD,130.153,2025-10-22
22-10-2025,EUR,150.9319,2025-10-22
22-10-2025,GBP,173.4217,2025-10-22
22-10-2025,JPY,85.7992,2025-10-22
22-10-2025,CNY,18.2677,2025-10-22
22-10-2025,CHF,163.4575,2025-10-22
22-10-2025,CAD,92.9067,2025-10-22
22-10-2025,DKK,20.2092,2025-10-22
22-10-2025,SEK,13.7841,2025-10-22
22-10-2025,NOK,12.9627,2025-10-22
22-10-2025,AED,35.4351,2025-10-22
22-10-2025,SAR,34.7038,2025-10-22
22-10-2025,KWD,424.5735,2025-10-22
22-10-2025,TND,44.2961,2025-10-22
22-10-2025,MAD,14.1267,2025-10-22
22-10-2025,LYD,23.9491,2025-10-22
22-10-2025,MRU,3.2645,2025-10-22
22-10-2025,SDR,177.4602,2025-10-22
23-10-2025,USD,130.1356,2025-10-23
23-10-2025,EUR,150.9964,2025-10-23
23-10-2025,GBP,173.7458,2025-10-23
23-10-2025,JPY,85.3208,2025-10-23
23-10-2025,CNY,18.2721,2025-10-23
23-10-2025,CHF,163.2306,2025-10-23
23-10-2025,CAD,92.9839,2025-10-23
23-10-2025,DKK,20.2103,2025-10-23
23-10-2025,SEK,13.8417,2025-10-23
23-10-2025,NOK,13.0146,2025-10-23
23-10-2025,AED,35.4352,2025-10-23
23-10-2025,SAR,34.6973,2025-10-23
23-10-2025,KWD,424.5167,2025-10-23
23-10-2025,TND,44.2435,2025-10-23
23-10-2025,MAD,14.0649,2025-10-23
23-10-2025,LYD,23.927,2025-10-23
23-10-2025,MRU,3.2641,2025-10-23
23-10-2025,SDR,177.2022,2025-10-23
24-10-2025,USD,130.1356,2025-10-24
24-10-2025,EUR,151.0679,2025-10-24
24-10-2025,GBP,173.1678,2025-10-24
24-10-2025,JPY,85.0893,2025-10-24
24-10-2025,CNY,18.2693,2025-10-24
24-10-2025,CHF,163.4869,2025-10-24
24-10-2025,CAD,92.8446,2025-10-24
24-10-2025,DKK,20.2296,2025-10-24
24-10-2025,SEK,13.8624,2025-10-24
24-10-2025,NOK,13.0134,2025-10-24
24-10-2025,AED,35.4303,2025-10-24
24-10-2025,SAR,34.701,2025-10-24
24-10-2025,KWD,424.3783,2025-10-24
24-10-2025,TND,44.2608,2025-10-24
24-10-2025,MAD,14.068,2025-10-24
24-10-2025,LYD,23.927,2025-10-24
24-10-2025,MRU,3.2641,2025-10-24
24-10-2025,SDR,177.1632,2025-10-24
24-10-2025,USD,130.1356,2025-10-25
24-10-2025,EUR,151.0679,2025-10-25
24-10-2025,GBP,173.1678,2025-10-25
24-10-2025,JPY,85.0893,2025-10-25
24-10-2025,CNY,18.2693,2025-10-25
24-10-2025,CHF,163.4869,2025-10-25
24-10-2025,CAD,92.8446,2025-10-25
24-10-2025,DKK,20.2296,2025-10-25
24-10-2025,SEK,13.8624,2025-10-25
24-10-2025,NOK,13.0134,2025-10-25
24-10-2025,AED,35.4303,2025-10-25
24-10-2025,SAR,34.701,2025-10-25
24-10-2025,KWD,424.3783,2025-10-25
24-10-2025,TND,44.2608,2025-10-25
24-10-2025,MAD,14.068,2025-10-25
24-10-2025,LYD,23.927,2025-10-25
24-10-2025,MRU,3.2641,2025-10-25
24-10-2025,SDR,177.1632,2025-10-25
24-10-2025,USD,130.1356,2025-10-26
24-10-2025,EUR,151.0679,2025-10-26
24-10-2025,GBP,173.1678,2025-10-26
24-10-2025,JPY,85.0893,2025-10-26
24-10-2025,CNY,18.2693,2025-10-26
24-10-2025,CHF,163.4869,2025-10-26
24-10-2025,CAD,92.8446,2025-10-26
24-10-2025,DKK,20.2296,2025-10-26
24-10-2025,SEK,13.8624,2025-10-26
24-10-2025,NOK,13.0134,2025-10-26
24-10-2025,AED,35.4303,2025-10-26
24-10-2025,SAR,34.701,2025-10-26
24-10-2025,KWD,424.3783,2025-10-26
24-10-2025,TND,44.2608,2025-10-26
24-10-2025,MAD,14.068,2025-10-26
24-10-2025,LYD,23.927,2025-10-26
24-10-2025,MRU,3.2641,2025-10-26
24-10-2025,SDR,177.1632,2025-10-26
27-10-2025,USD,130.0776,2025-10-27
27-10-2025,EUR,151.1372,2025-10-27
27-10-2025,GBP,173.1598,2025-10-27
27-10-2025,JPY,85.0403,2025-10-27
27-10-2025,CNY,18.2908,2025-10-27
27-10-2025,CHF,163.1681,2025-10-27
27-10-2025,CAD,93.0555,2025-10-27
27-10-2025,DKK,20.2338,2025-10-27
27-10-2025,SEK,13.8428,2025-10-27
27-10-2025,NOK,12.9853,2025-10-27
27-10-2025,AED,35.4146,2025-10-27
27-10-2025,SAR,34.6865,2025-10-27
27-10-2025,KWD,424.1892,2025-10-27
27-10-2025,TND,44.2772,2025-10-27
27-10-2025,MAD,14.0848,2025-10-27
27-10-2025,LYD,23.9163,2025-10-27
27-10-2025,MRU,3.2626,2025-10-27
27-10-2025,SDR,177.1753,2025-10-27
28-10-2025,USD,129.9212,2025-10-28
28-10-2025,EUR,151.4102,2025-10-28
28-10-2025,GBP,173.2514,2025-10-28
28-10-2025,JPY,85.365,2025-10-28
28-10-2025,CNY,18.2972,2025-10-28
28-10-2025,CHF,163.5464,2025-10-28
28-10-2025,CAD,92.7843,2025-10-28
28-10-2025,DKK,20.2717,2025-10-28
28-10-2025,SEK,13.8572,2025-10-28
28-10-2025,NOK,12.9964,2025-10-28
28-10-2025,AED,35.3739,2025-10-28
28-10-2025,SAR,34.6448,2025-10-28
28-10-2025,KWD,423.541,2025-10-28
28-10-2025,TND,44.2368,2025-10-28
28-10-2025,MAD,14.077,2025-10-28
28-10-2025,LYD,23.8907,2025-10-28
28-10-2025,MRU,3.2587,2025-10-28
28-10-2025,SDR,177.2481,2025-10-28
29-10-2025,USD,130.0198,2025-10-29
29-10-2025,EUR,151.2521,2025-10-29
29-10-2025,GBP,171.9839,2025-10-29
29-10-2025,JPY,85.5197,2025-10-29
29-10-2025,CNY,18.3172,2025-10-29
29-10-2025,CHF,163.4442,2025-10-29
29-10-2025,CAD,93.3414,2025-10-29
29-10-2025,DKK,20.2516,2025-10-29
29-10-2025,SEK,13.8716,2025-10-29
29-10-2025,NOK,13.0165,2025-10-29
29-10-2025,AED,35.4037,2025-10-29
29-10-2025,SAR,34.6692,2025-10-29
29-10-2025,KWD,424.139,2025-10-29
29-10-2025,TND,44.2749,2025-10-29
29-10-2025,MAD,14.0951,2025-10-29
29-10-2025,LYD,23.9511,2025-10-29
29-10-2025,MRU,3.2612,2025-10-29
29-10-2025,SDR,177.4606,2025-10-29
30-10-2025,USD,130.1183,2025-10-30
30-10-2025,EUR,151.1194,2025-10-30
30-10-2025,GBP,171.6714,2025-10-30
30-10-2025,JPY,84.7981,2025-10-30
30-10-2025,CNY,18.3066,2025-10-30
30-10-2025,CHF,162.8617,2025-10-30
30-10-2025,CAD,93.3183,2025-10-30
30-10-2025,DKK,20.2357,2025-10-30
30-10-2025,SEK,13.8362,2025-10-30
30-10-2025,NOK,12.9828,2025-10-30
30-10-2025,AED,35.4252,2025-10-30
30-10-2025,SAR,34.6955,2025-10-30
30-10-2025,KWD,424.5989,2025-10-30
30-10-2025,TND,44.3009,2025-10-30
30-10-2025,MAD,14.0999,2025-10-30
30-10-2025,LYD,23.9256,2025-10-30
30-10-2025,MRU,3.2636,2025-10-30
30-10-2025,SDR,177.3999,2025-10-30
31-10-2025,USD,130.3731,2025-10-31
31-10-2025,EUR,150.7113,2025-10-31
31-10-2025,GBP,171.3407,2025-10-31
31-10-2025,JPY,84.4905,2025-10-31
31-10-2025,CNY,18.3249,2025-10-31
31-10-2025,CHF,162.4385,2025-10-31
31-10-2025,CAD,93.1204,2025-10-31
31-10-2025,DKK,20.1822,2025-10-31
31-10-2025,SEK,13.802,2025-10-31
31-10-2025,NOK,12.9616,2025-10-31
31-10-2025,AED,35.4955,2025-10-31
31-10-2025,SAR,34.7634,2025-10-31
31-10-2025,KWD,425.1528,2025-10-31
31-10-2025,TND,44.2003,2025-10-31
31-10-2025,MAD,14.0921,2025-10-31
31-10-2025,LYD,23.9566,2025-10-31
31-10-2025,MRU,3.27,2025-10-31
31-10-2025,SDR,177.304,2025-10-31
31-10-2025,USD,130.3731,2025-11-01
31-10-2025,EUR,150.7113,2025-11-01
31-10-2025,GBP,171.3407,2025-11-01
31-10-2025,JPY,84.4905,2025-11-01
31-10-2025,CNY,18.3249,2025-11-01
31-10-2025,CHF,162.4385,2025-11-01
31-10-2025,CAD,93.1204,2025-11-01
31-10-2025,DKK,20.1822,2025-11-01
31-10-2025,SEK,13.802,2025-11-01
31-10-2025,NOK,12.9616,2025-11-01
31-10-2025,AED,35.4955,2025-11-01
31-10-2025,SAR,34.7634,2025-11-01
31-10-2025,KWD,425.1528,2025-11-01
31-10-2025,TND,44.2003,2025-11-01
31-10-2025,MAD,14.0921,2025-11-01
31-10-2025,LYD,23.9566,2025-11-01
31-10-2025,MRU,3.27,2025-11-01
31-10-2025,SDR,177.304,2025-11-01
31-10-2025,USD,130.3731,2025-11-02
31-10-2025,EUR,150.7113,2025-11-02
31-10-2025,GBP,171.3407,2025-11-02
31-10-2025,JPY,84.4905,2025-11-02
31-10-2025,CNY,18.3249,2025-11-02
31-10-2025,CHF,162.4385,2025-11-02
31-10-2025,CAD,93.1204,2025-11-02
31-10-2025,DKK,20.1822,2025-11-02
31-10-2025,SEK,13.802,2025-11-02
31-10-2025,NOK,12.9616,2025-11-02
31-10-2025,AED,35.4955,2025-11-02
31-10-2025,SAR,34.7634,2025-11-02
31-10-2025,KWD,425.1528,2025-11-02
31-10-2025,TND,44.2003,2025-11-02
31-10-2025,MAD,14.0921,2025-11-02
31-10-2025,LYD,23.9566,2025-11-02
31-10-2025,MRU,3.27,2025-11-02
31-10-2025,SDR,177.304,2025-11-02
03-11-2025,USD,130.5122,2025-11-03
03-11-2025,EUR,150.461,2025-11-03
03-11-2025,GBP,171.3321,2025-11-03
03-11-2025,JPY,84.641,2025-11-03
03-11-2025,CNY,18.333,2025-11-03
03-11-2025,CHF,162.0465,2025-11-03
03-11-2025,CAD,93.0834,2025-11-03
03-11-2025,DKK,20.1469,2025-11-03
03-11-2025,SEK,13.7591,2025-11-03
03-11-2025,NOK,12.9239,2025-11-03
03-11-2025,AED,35.5329,2025-11-03
03-11-2025,SAR,34.7986,2025-11-03
03-11-2025,KWD,424.9136,2025-11-03
03-11-2025,TND,44.1457,2025-11-03
03-11-2025,MAD,14.0573,2025-11-03
03-11-2025,LYD,23.9821,2025-11-03
03-11-2025,MRU,3.2735,2025-11-03
03-11-2025,SDR,177.2844,2025-11-03
04-11-2025,USD,130.5237,2025-11-04
04-11-2025,EUR,150.4612,2025-11-04
04-11-2025,GBP,171.336,2025-11-04
04-11-2025,JPY,85.0955,2025-11-04
04-11-2025,CNY,18.3206,2025-11-04
04-11-2025,CHF,161.7094,2025-11-04
04-11-2025,CAD,92.8235,2025-11-04
04-11-2025,DKK,20.1599,2025-11-04
04-11-2025,SEK,13.7423,2025-11-04
04-11-2025,NOK,12.854,2025-11-04
04-11-2025,AED,35.536,2025-11-04
04-11-2025,SAR,34.8017,2025-11-04
04-11-2025,KWD,425.0895,2025-11-04
04-11-2025,TND,44.0854,2025-11-04
04-11-2025,MAD,14.0205,2025-11-04
04-11-2025,LYD,23.9004,2025-11-04
04-11-2025,MRU,3.2738,2025-11-04
04-11-2025,SDR,177.0259,2025-11-04
05-11-2025,USD,130.686,2025-11-05
05-11-2025,EUR,150.204,2025-11-05
05-11-2025,GBP,170.3637,2025-11-05
05-11-2025,JPY,85.0931,2025-11-05
05-11-2025,CNY,18.3385,2025-11-05
05-11-2025,CHF,161.4803,2025-11-05
05-11-2025,CAD,92.6293,2025-11-05
05-11-2025,DKK,20.1193,2025-11-05
05-11-2025,SEK,13.6431,2025-11-05
05-11-2025,NOK,12.8107,2025-11-05
05-11-2025,AED,35.5802,2025-11-05
05-11-2025,SAR,34.8459,2025-11-05
05-11-2025,KWD,425.2026,2025-11-05
05-11-2025,TND,44.1053,2025-11-05
05-11-2025,MAD,14.0491,2025-11-05
05-11-2025,LYD,23.9224,2025-11-05
05-11-2025,MRU,3.2778,2025-11-05
05-11-2025,SDR,177.0761,2025-11-05
06-11-2025,USD,130.6221,2025-11-06
06-11-2025,EUR,150.3395,2025-11-06
06-11-2025,GBP,170.6475,2025-11-06
06-11-2025,JPY,84.9161,2025-11-06
06-11-2025,CNY,18.3381,2025-11-06
06-11-2025,CHF,161.4612,2025-11-06
06-11-2025,CAD,92.6234,2025-11-06
06-11-2025,DKK,20.1383,2025-11-06
06-11-2025,SEK,13.6959,2025-11-06
06-11-2025,NOK,12.8087,2025-11-06
06-11-2025,AED,35.5628,2025-11-06
06-11-2025,SAR,34.8289,2025-11-06
06-11-2025,KWD,425.2714,2025-11-06
06-11-2025,TND,44.0205,2025-11-06
06-11-2025,MAD,14.0342,2025-11-06
06-11-2025,LYD,23.8747,2025-11-06
06-11-2025,MRU,3.2762,2025-11-06
06-11-2025,SDR,176.9504,2025-11-06
07-11-2025,USD,130.5005,2025-11-07
07-11-2025,EUR,150.5389,2025-11-07
07-11-2025,GBP,171.1819,2025-11-07
07-11-2025,JPY,85.0305,2025-11-07
07-11-2025,CNY,18.3213,2025-11-07
07-11-2025,CHF,161.5405,2025-11-07
07-11-2025,CAD,92.4258,2025-11-07
07-11-2025,DKK,20.1566,2025-11-07
07-11-2025,SEK,13.6211,2025-11-07
07-11-2025,NOK,12.7818,2025-11-07
07-11-2025,AED,35.5297,2025-11-07
07-11-2025,SAR,34.7946,2025-11-07
07-11-2025,KWD,425.0139,2025-11-07
07-11-2025,TND,44.1514,2025-11-07
07-11-2025,MAD,14.0212,2025-11-07
07-11-2025,LYD,23.8673,2025-11-07
07-11-2025,MRU,3.2732,2025-11-07
07-11-2025,SDR,176.9944,2025-11-07
07-11-2025,USD,130.5005,2025-11-08
07-11-2025,EUR,150.5389,2025-11-08
07-11-2025,GBP,171.1819,2025-11-08
07-11-2025,JPY,85.0305,2025-11-08
07-11-2025,CNY,18.3213,2025-11-08
07-11-2025,CHF,161.5405,2025-11-08
07-11-2025,CAD,92.4258,2025-11-08
07-11-2025,DKK,20.1566,2025-11-08
07-11-2025,SEK,13.6211,2025-11-08
07-11-2025,NOK,12.7818,2025-11-08
07-11-2025,AED,35.5297,2025-11-08
07-11-2025,SAR,34.7946,2025-11-08
07-11-2025,KWD,425.0139,2025-11-08
07-11-2025,TND,44.1514,2025-11-08
07-11-2025,MAD,14.0212,2025-11-08
07-11-2025,LYD,23.8673,2025-11-08
07-11-2025,MRU,3.2732,2025-11-08
07-11-2025,SDR,176.9944,2025-11-08
07-11-2025,USD,130.5005,2025-11-09
07-11-2025,EUR,150.5389,2025-11-09
07-11-2025,GBP,171.1819,2025-11-09
07-11-2025,JPY,85.0305,2025-11-09
07-11-2025,CNY,18.3213,2025-11-09
07-11-2025,CHF,161.5405,2025-11-09
07-11-2025,CAD,92.4258,2025-11-09
07-11-2025,DKK,20.1566,2025-11-09
07-11-2025,SEK,13.6211,2025-11-09
07-11-2025,NOK,12.7818,2025-11-09
07-11-2025,AED,35.5297,2025-11-09
07-11-2025,SAR,34.7946,2025-11-09
07-11-2025,KWD,425.0139,2025-11-09
07-11-2025,TND,44.1514,2025-11-09
07-11-2025,MAD,14.0212,2025-11-09
07-11-2025,LYD,23.8673,2025-11-09
07-11-2025,MRU,3.2732,2025-11-09
07-11-2025,SDR,176.9944,2025-11-09
10-11-2025,USD,130.3325,2025-11-10
10-11-2025,EUR,150.8012,2025-11-10
10-11-2025,GBP,171.4789,2025-11-10
10-11-2025,JPY,84.6315,2025-11-10
10-11-2025,CNY,18.3109,2025-11-10
10-11-2025,CHF,161.7732,2025-11-10
10-11-2025,CAD,93.0183,2025-11-10
10-11-2025,DKK,20.195,2025-11-10
10-11-2025,SEK,13.7077,2025-11-10
10-11-2025,NOK,12.8994,2025-11-10
10-11-2025,AED,35.4839,2025-11-10
10-11-2025,SAR,34.7507,2025-11-10
10-11-2025,KWD,424.4668,2025-11-10
10-11-2025,TND,44.1731,2025-11-10
10-11-2025,MAD,14.0558,2025-11-10
10-11-2025,LYD,23.8365,2025-11-10
10-11-2025,MRU,3.269,2025-11-10
10-11-2025,SDR,177.0403,2025-11-10
11-11-2025,USD,130.3788,2025-11-11
11-11-2025,EUR,150.7179,2025-11-11
11-11-2025,GBP,171.1682,2025-11-11
11-11-2025,JPY,84.5545,2025-11-11
11-11-2025,CNY,18.3082,2025-11-11
11-11-2025,CHF,162.2232,2025-11-11
11-11-2025,CAD,92.9253,2025-11-11
11-11-2025,DKK,20.1841,2025-11-11
11-11-2025,SEK,13.7036,2025-11-11
11-11-2025,NOK,12.8767,2025-11-11
11-11-2025,AED,35.4966,2025-11-11
11-11-2025,SAR,34.7631,2025-11-11
11-11-2025,KWD,424.4793,2025-11-11
11-11-2025,TND,44.1925,2025-11-11
11-11-2025,MAD,14.0707,2025-11-11
11-11-2025,LYD,23.892,2025-11-11
11-11-2025,MRU,3.2701,2025-11-11
11-11-2025,SDR,177.1292,2025-11-11
12-11-2025,USD,130.2804,2025-11-12
12-11-2025,EUR,150.9038,2025-11-12
12-11-2025,GBP,171.3539,2025-11-12
12-11-2025,JPY,84.185,2025-11-12
12-11-2025,CNY,18.3039,2025-11-12
12-11-2025,CHF,162.9218,2025-11-12
12-11-2025,CAD,93.001,2025-11-12
12-11-2025,DKK,20.2065,2025-11-12
12-11-2025,SEK,13.776,2025-11-12
12-11-2025,NOK,12.9626,2025-11-12
12-11-2025,AED,35.4702,2025-11-12
12-11-2025,SAR,34.7378,2025-11-12
12-11-2025,KWD,424.1589,2025-11-12
12-11-2025,TND,44.2161,2025-11-12
12-11-2025,MAD,14.0482,2025-11-12
12-11-2025,LYD,23.8733,2025-11-12
12-11-2025,MRU,3.2677,2025-11-12
12-11-2025,SDR,176.9956,2025-11-12
13-11-2025,USD,130.1645,2025-11-13
13-11-2025,EUR,151.1861,2025-11-13
13-11-2025,GBP,171.0216,2025-11-13
13-11-2025,JPY,84.1182,2025-11-13
13-11-2025,CNY,18.339,2025-11-13
13-11-2025,CHF,163.4925,2025-11-13
13-11-2025,CAD,93.0178,2025-11-13
13-11-2025,DKK,20.2446,2025-11-13
13-11-2025,SEK,13.8205,2025-11-13
13-11-2025,NOK,12.9306,2025-11-13
13-11-2025,AED,35.4382,2025-11-13
13-11-2025,SAR,34.7069,2025-11-13
13-11-2025,KWD,424.3342,2025-11-13
13-11-2025,TND,44.0713,2025-11-13
13-11-2025,MAD,14.0182,2025-11-13
13-11-2025,LYD,23.8549,2025-11-13
13-11-2025,MRU,3.2648,2025-11-13
13-11-2025,SDR,176.8121,2025-11-13
14-11-2025,USD,130.0835,2025-11-14
14-11-2025,EUR,151.3457,2025-11-14
14-11-2025,GBP,170.7805,2025-11-14
14-11-2025,JPY,84.1502,2025-11-14
14-11-2025,CNY,18.3222,2025-11-14
14-11-2025,CHF,164.5169,2025-11-14
14-11-2025,CAD,92.6488,2025-11-14
14-11-2025,DKK,20.2616,2025-11-14
14-11-2025,SEK,13.7836,2025-11-14
14-11-2025,NOK,12.9347,2025-11-14
14-11-2025,AED,35.42,2025-11-14
14-11-2025,SAR,34.689,2025-11-14
14-11-2025,KWD,424.0701,2025-11-14
14-11-2025,TND,44.1868,2025-11-14
14-11-2025,MAD,14.0414,2025-11-14
14-11-2025,LYD,23.8453,2025-11-14
14-11-2025,MRU,3.2627,2025-11-14
14-11-2025,SDR,176.9232,2025-11-14
14-11-2025,USD,130.0835,2025-11-15
14-11-2025,EUR,151.3457,2025-11-15
14-11-2025,GBP,170.7805,2025-11-15
14-11-2025,JPY,84.1502,2025-11-15
14-11-2025,CNY,18.3222,2025-11-15
14-11-2025,CHF,164.5169,2025-11-15
14-11-2025,CAD,92.6488,2025-11-15
14-11-2025,DKK,20.2616,2025-11-15
14-11-2025,SEK,13.7836,2025-11-15
14-11-2025,NOK,12.9347,2025-11-15
14-11-2025,AED,35.42,2025-11-15
14-11-2025,SAR,34.689,2025-11-15
14-11-2025,KWD,424.0701,2025-11-15
14-11-2025,TND,44.1868,2025-11-15
14-11-2025,MAD,14.0414,2025-11-15
14-11-2025,LYD,23.8453,2025-11-15
14-11-2025,MRU,3.2627,2025-11-15
14-11-2025,SDR,176.9232,2025-11-15
14-11-2025,USD,130.0835,2025-11-16
14-11-2025,EUR,151.3457,2025-11-16
14-11-2025,GBP,170.7805,2025-11-16
14-11-2025,JPY,84.1502,2025-11-16
14-11-2025,CNY,18.3222,2025-11-16
14-11-2025,CHF,164.5169,2025-11-16
14-11-2025,CAD,92.6488,2025-11-16
14-11-2025,DKK,20.2616,2025-11-16
14-11-2025,SEK,13.7836,2025-11-16
14-11-2025,NOK,12.9347,2025-11-16
14-11-2025,AED,35.42,2025-11-16
14-11-2025,SAR,34.689,2025-11-16
14-11-2025,KWD,424.0701,2025-11-16
14-11-2025,TND,44.1868,2025-11-16
14-11-2025,MAD,14.0414,2025-11-16
14-11-2025,LYD,23.8453,2025-11-16
14-11-2025,MRU,3.2627,2025-11-16
14-11-2025,SDR,176.9232,2025-11-16
17-11-2025,USD,130.1761,2025-11-17
17-11-2025,EUR,151.1215,2025-11-17
17-11-2025,GBP,171.4875,2025-11-17
17-11-2025,JPY,84.1502,2025-11-17
17-11-2025,CNY,18.3236,2025-11-17
17-11-2025,CHF,164.0118,2025-11-17
17-11-2025,CAD,92.8603,2025-11-17
17-11-2025,DKK,20.2422,2025-11-17
17-11-2025,SEK,13.7829,2025-11-17
17-11-2025,NOK,12.9029,2025-11-17
17-11-2025,AED,35.4414,2025-11-17
17-11-2025,SAR,34.7118,2025-11-17
17-11-2025,KWD,424.372,2025-11-17
17-11-2025,TND,44.2505,2025-11-17
17-11-2025,MAD,14.0848,2025-11-17
17-11-2025,LYD,23.8623,2025-11-17
17-11-2025,MRU,3.2651,2025-11-17
17-11-2025,SDR,177.1142,2025-11-17
18-11-2025,USD,130.1878,2025-11-18
18-11-2025,EUR,151.109,2025-11-18
18-11-2025,GBP,171.4577,2025-11-18
18-11-2025,JPY,83.9949,2025-11-18
18-11-2025,CNY,18.3051,2025-11-18
18-11-2025,CHF,163.8819,2025-11-18
18-11-2025,CAD,92.7099,2025-11-18
18-11-2025,DKK,20.2251,2025-11-18
18-11-2025,SEK,13.731,2025-11-18
18-11-2025,NOK,12.8532,2025-11-18
18-11-2025,AED,35.4451,2025-11-18
18-11-2025,SAR,34.714,2025-11-18
18-11-2025,KWD,424.4101,2025-11-18
18-11-2025,TND,44.1652,2025-11-18
18-11-2025,MAD,14.1036,2025-11-18
18-11-2025,LYD,23.8787,2025-11-18
18-11-2025,MRU,3.2654,2025-11-18
18-11-2025,SDR,177.039,2025-11-18
19-11-2025,USD,130.3036,2025-11-19
19-11-2025,EUR,150.8916,2025-11-19
19-11-2025,GBP,171.2044,2025-11-19
19-11-2025,JPY,83.7885,2025-11-19
19-11-2025,CNY,18.328,2025-11-19
19-11-2025,CHF,163.0222,2025-11-19
19-11-2025,CAD,93.084,2025-11-19
19-11-2025,DKK,20.2043,2025-11-19
19-11-2025,SEK,13.7595,2025-11-19
19-11-2025,NOK,12.8954,2025-11-19
19-11-2025,AED,35.4761,2025-11-19
19-11-2025,SAR,34.7458,2025-11-19
19-11-2025,KWD,424.3726,2025-11-19
19-11-2025,TND,44.2037,2025-11-19
19-11-2025,MAD,14.1162,2025-11-19
19-11-2025,LYD,23.8948,2025-11-19
19-11-2025,MRU,3.2683,2025-11-19
19-11-2025,SDR,177.014,2025-11-19
20-11-2025,USD,130.6164,2025-11-20
20-11-2025,EUR,150.4113,2025-11-20
20-11-2025,GBP,170.6289,2025-11-20
20-11-2025,JPY,83.0233,2025-11-20
20-11-2025,CNY,18.3553,2025-11-20
20-11-2025,CHF,161.9446,2025-11-20
20-11-2025,CAD,92.896,2025-11-20
20-11-2025,DKK,20.1393,2025-11-20
20-11-2025,SEK,13.6703,2025-11-20
20-11-2025,NOK,12.8103,2025-11-20
20-11-2025,AED,35.5651,2025-11-20
20-11-2025,SAR,34.8274,2025-11-20
20-11-2025,KWD,424.9761,2025-11-20
20-11-2025,TND,44.234,2025-11-20
20-11-2025,MAD,14.1225,2025-11-20
20-11-2025,LYD,23.9447,2025-11-20
20-11-2025,MRU,3.2877,2025-11-20
20-11-2025,SDR,177.3867,2025-11-20
21-11-2025,USD,130.4831,2025-11-21
21-11-2025,EUR,150.6754,2025-11-21
21-11-2025,GBP,170.7894,2025-11-21
21-11-2025,JPY,83.3093,2025-11-21
21-11-2025,CNY,18.3478,2025-11-21
21-11-2025,CHF,162.2622,2025-11-21
21-11-2025,CAD,92.5872,2025-11-21
21-11-2025,DKK,20.1733,2025-11-21
21-11-2025,SEK,13.65,2025-11-21
21-11-2025,NOK,12.737,2025-11-21
21-11-2025,AED,35.5264,2025-11-21
21-11-2025,SAR,34.7918,2025-11-21
21-11-2025,KWD,424.7497,2025-11-21
21-11-2025,TND,44.0755,2025-11-21
21-11-2025,MAD,14.0436,2025-11-21
21-11-2025,LYD,23.839,2025-11-21
21-11-2025,MRU,3.2843,2025-11-21
21-11-2025,SDR,176.6707,2025-11-21
21-11-2025,USD,130.4831,2025-11-22
21-11-2025,EUR,150.6754,2025-11-22
21-11-2025,GBP,170.7894,2025-11-22
21-11-2025,JPY,83.3093,2025-11-22
21-11-2025,CNY,18.3478,2025-11-22
21-11-2025,CHF,162.2622,2025-11-22
21-11-2025,CAD,92.5872,2025-11-22
21-11-2025,DKK,20.1733,2025-11-22
21-11-2025,SEK,13.65,2025-11-22
21-11-2025,NOK,12.737,2025-11-22
21-11-2025,AED,35.5264,2025-11-22
21-11-2025,SAR,34.7918,2025-11-22
21-11-2025,KWD,424.7497,2025-11-22
21-11-2025,TND,44.0755,2025-11-22
21-11-2025,MAD,14.0436,2025-11-22
21-11-2025,LYD,23.839,2025-11-22
21-11-2025,MRU,3.2843,2025-11-22
21-11-2025,SDR,176.6707,2025-11-22
21-11-2025,USD,130.4831,2025-11-23
21-11-2025,EUR,150.6754,2025-11-23
21-11-2025,GBP,170.7894,2025-11-23
21-11-2025,JPY,83.3093,2025-11-23
21-11-2025,CNY,18.3478,2025-11-23
21-11-2025,CHF,162.2622,2025-11-23
21-11-2025,CAD,92.5872,2025-11-23
21-11-2025,DKK,20.1733,2025-11-23
21-11-2025,SEK,13.65,2025-11-23
21-11-2025,NOK,12.737,2025-11-23
21-11-2025,AED,35.5264,2025-11-23
21-11-2025,SAR,34.7918,2025-11-23
21-11-2025,KWD,424.7497,2025-11-23
21-11-2025,TND,44.0755,2025-11-23
21-11-2025,MAD,14.0436,2025-11-23
21-11-2025,LYD,23.839,2025-11-23
21-11-2025,MRU,3.2843,2025-11-23
21-11-2025,SDR,176.6707,2025-11-23
24-11-2025,USD,130.628,2025-11-24
24-11-2025,EUR,150.4181,2025-11-24
24-11-2025,GBP,171.0238,2025-11-24
24-11-2025,JPY,83.3167,2025-11-24
24-11-2025,CNY,18.3818,2025-11-24
24-11-2025,CHF,161.4087,2025-11-24
24-11-2025,CAD,92.6013,2025-11-24
24-11-2025,DKK,20.1417,2025-11-24
24-11-2025,SEK,13.6771,2025-11-24
24-11-2025,NOK,12.7371,2025-11-24
24-11-2025,AED,35.5649,2025-11-24
24-11-2025,SAR,34.8286,2025-11-24
24-11-2025,KWD,425.0139,2025-11-24
24-11-2025,TND,44.108,2025-11-24
24-11-2025,MAD,14.0737,2025-11-24
24-11-2025,LYD,23.8655,2025-11-24
24-11-2025,MRU,3.288,2025-11-24
24-11-2025,SDR,176.8669,2025-11-24
25-11-2025,USD,130.5933,2025-11-25
25-11-2025,EUR,150.45,2025-11-25
25-11-2025,GBP,171.4048,2025-11-25
25-11-2025,JPY,83.4276,2025-11-25
25-11-2025,CNY,18.4058,2025-11-25
25-11-2025,CHF,161.4157,2025-11-25
25-11-2025,CAD,92.498,2025-11-25
25-11-2025,DKK,20.1503,2025-11-25
25-11-2025,SEK,13.6437,2025-11-25
25-11-2025,NOK,12.7445,2025-11-25
25-11-2025,AED,35.5579,2025-11-25
25-11-2025,SAR,34.8184,2025-11-25
25-11-2025,KWD,425.0393,2025-11-25
25-11-2025,TND,44.1321,2025-11-25
25-11-2025,MAD,14.0768,2025-11-25
25-11-2025,LYD,23.8799,2025-11-25
25-11-2025,MRU,3.2871,2025-11-25
25-11-2025,SDR,177.0942,2025-11-25
26-11-2025,USD,130.3268,2025-11-26
26-11-2025,EUR,150.9185,2025-11-26
26-11-2025,GBP,171.652,2025-11-26
26-11-2025,JPY,83.3079,2025-11-26
26-11-2025,CNY,18.4023,2025-11-26
26-11-2025,CHF,161.736,2025-11-26
26-11-2025,CAD,92.6077,2025-11-26
26-11-2025,DKK,20.2079,2025-11-26
26-11-2025,SEK,13.6934,2025-11-26
26-11-2025,NOK,12.7603,2025-11-26
26-11-2025,AED,35.4863,2025-11-26
26-11-2025,SAR,34.7474,2025-11-26
26-11-2025,KWD,424.4482,2025-11-26
26-11-2025,TND,44.1083,2025-11-26
26-11-2025,MAD,14.0537,2025-11-26
26-11-2025,LYD,23.8292,2025-11-26
26-11-2025,MRU,3.2804,2025-11-26
26-11-2025,SDR,176.7328,2025-11-26
27-11-2025,USD,130.2862,2025-11-27
27-11-2025,EUR,150.9691,2025-11-27
27-11-2025,GBP,172.4161,2025-11-27
27-11-2025,JPY,83.3805,2025-11-27
27-11-2025,CNY,18.3979,2025-11-27
27-11-2025,CHF,161.8764,2025-11-27
27-11-2025,CAD,92.8262,2025-11-27
27-11-2025,DKK,20.2134,2025-11-27
27-11-2025,SEK,13.71,2025-11-27
27-11-2025,NOK,12.7755,2025-11-27
27-11-2025,AED,35.4728,2025-11-27
27-11-2025,SAR,34.7356,2025-11-27
27-11-2025,KWD,424.3159,2025-11-27
27-11-2025,TND,44.0819,2025-11-27
27-11-2025,MAD,14.0693,2025-11-27
27-11-2025,LYD,23.8969,2025-11-27
27-11-2025,MRU,3.2793,2025-11-27
27-11-2025,SDR,177.0034,2025-11-27
28-11-2025,USD,130.3094,2025-11-28
28-11-2025,EUR,150.8918,2025-11-28
28-11-2025,GBP,172.162,2025-11-28
28-11-2025,JPY,83.3314,2025-11-28
28-11-2025,CNY,18.4104,2025-11-28
28-11-2025,CHF,161.7846,2025-11-28
28-11-2025,CAD,92.8064,2025-11-28
28-11-2025,DKK,20.2035,2025-11-28
28-11-2025,SEK,13.7197,2025-11-28
28-11-2025,NOK,12.8048,2025-11-28
28-11-2025,AED,35.4791,2025-11-28
28-11-2025,SAR,34.7358,2025-11-28
28-11-2025,KWD,424.3915,2025-11-28
28-11-2025,TND,44.2042,2025-11-28
28-11-2025,MAD,14.0741,2025-11-28
28-11-2025,LYD,23.9106,2025-11-28
28-11-2025,MRU,3.2799,2025-11-28
28-11-2025,SDR,177.035,2025-11-28
28-11-2025,USD,130.3094,2025-11-29
28-11-2025,EUR,150.8918,2025-11-29
28-11-2025,GBP,172.162,2025-11-29
28-11-2025,JPY,83.3314,2025-11-29
28-11-2025,CNY,18.4104,2025-11-29
28-11-2025,CHF,161.7846,2025-11-29
28-11-2025,CAD,92.8064,2025-11-29
28-11-2025,DKK,20.2035,2025-11-29
28-11-2025,SEK,13.7197,2025-11-29
28-11-2025,NOK,12.8048,2025-11-29
28-11-2025,AED,35.4791,2025-11-29
28-11-2025,SAR,34.7358,2025-11-29
28-11-2025,KWD,424.3915,2025-11-29
28-11-2025,TND,44.2042,2025-11-29
28-11-2025,MAD,14.0741,2025-11-29
28-11-2025,LYD,23.9106,2025-11-29
28-11-2025,MRU,3.2799,2025-11-29
28-11-2025,SDR,177.035,2025-11-29
28-11-2025,USD,130.3094,2025-11-30
28-11-2025,EUR,150.8918,2025-11-30
28-11-2025,GBP,172.162,2025-11-30
28-11-2025,JPY,83.3314,2025-11-30
28-11-2025,CNY,18.4104,2025-11-30
28-11-2025,CHF,161.7846,2025-11-30
28-11-2025,CAD,92.8064,2025-11-30
28-11-2025,DKK,20.2035,2025-11-30
28-11-2025,SEK,13.7197,2025-11-30
28-11-2025,NOK,12.8048,2025-11-30
28-11-2025,AED,35.4791,2025-11-30
28-11-2025,SAR,34.7358,2025-11-30
28-11-2025,KWD,424.3915,2025-11-30
28-11-2025,TND,44.2042,2025-11-30
28-11-2025,MAD,14.0741,2025-11-30
28-11-2025,LYD,23.9106,2025-11-30
28-11-2025,MRU,3.2799,2025-11-30
28-11-2025,SDR,177.035,2025-11-30
01-12-2025,USD,130.1704,2025-12-01
01-12-2025,EUR,151.1409,2025-12-01
01-12-2025,GBP,172.24,2025-12-01
01-12-2025,JPY,83.8052,2025-12-01
01-12-2025,CNY,18.4069,2025-12-01
01-12-2025,CHF,162.0749,2025-12-01
01-12-2025,CAD,93.1619,2025-12-01
01-12-2025,DKK,20.237,2025-12-01
01-12-2025,SEK,13.7856,2025-12-01
01-12-2025,NOK,12.8747,2025-12-01
01-12-2025,AED,35.4403,2025-12-01
01-12-2025,SAR,34.6983,2025-12-01
01-12-2025,KWD,424.2151,2025-12-01
01-12-2025,TND,44.1241,2025-12-01
01-12-2025,MAD,14.0297,2025-12-01
01-12-2025,LYD,23.8851,2025-12-01
01-12-2025,MRU,3.2764,2025-12-01
01-12-2025,SDR,176.8461,2025-12-01
02-12-2025,USD,130.1587,2025-12-02
02-12-2025,EUR,151.1663,2025-12-02
02-12-2025,GBP,171.9857,2025-12-02
02-12-2025,JPY,83.5851,2025-12-02
02-12-2025,CNY,18.4091,2025-12-02
02-12-2025,CHF,161.8386,2025-12-02
02-12-2025,CAD,92.9871,2025-12-02
02-12-2025,DKK,20.2402,2025-12-02
02-12-2025,SEK,13.7725,2025-12-02
02-12-2025,NOK,12.8503,2025-12-02
02-12-2025,AED,35.4376,2025-12-02
02-12-2025,SAR,34.6752,2025-12-02
02-12-2025,KWD,423.9698,2025-12-02
02-12-2025,TND,44.2687,2025-12-02
02-12-2025,MAD,14.0621,2025-12-02
02-12-2025,LYD,23.8823,2025-12-02
02-12-2025,MRU,3.2761,2025-12-02
02-12-2025,SDR,177.2858,2025-12-02
03-12-2025,USD,130.0429,2025-12-03
03-12-2025,EUR,151.383,2025-12-03
03-12-2025,GBP,172.1739,2025-12-03
03-12-2025,JPY,83.5402,2025-12-03
03-12-2025,CNY,18.4078,2025-12-03
03-12-2025,CHF,162.0978,2025-12-03
03-12-2025,CAD,93.0773,2025-12-03
03-12-2025,DKK,20.2682,2025-12-03
03-12-2025,SEK,13.827,2025-12-03
03-12-2025,NOK,12.8705,2025-12-03
03-12-2025,AED,35.4056,2025-12-03
03-12-2025,SAR,34.6514,2025-12-03
03-12-2025,KWD,423.6616,2025-12-03
03-12-2025,TND,44.1609,2025-12-03
03-12-2025,MAD,14.0546,2025-12-03
03-12-2025,LYD,23.8672,2025-12-03
03-12-2025,MRU,3.2732,2025-12-03
03-12-2025,SDR,176.946,2025-12-03
04-12-2025,USD,129.9444,2025-12-04
04-12-2025,EUR,151.4762,2025-12-04
04-12-2025,GBP,173.2477,2025-12-04
04-12-2025,JPY,83.6705,2025-12-04
04-12-2025,CNY,18.3843,2025-12-04
04-12-2025,CHF,162.1974,2025-12-04
04-12-2025,CAD,93.0334,2025-12-04
04-12-2025,DKK,20.2816,2025-12-04
04-12-2025,SEK,13.8299,2025-12-04
04-12-2025,NOK,12.907,2025-12-04
04-12-2025,AED,35.3831,2025-12-04
04-12-2025,SAR,34.627,2025-12-04
04-12-2025,KWD,423.4786,2025-12-04
04-12-2025,TND,44.253,2025-12-04
04-12-2025,MAD,14.0844,2025-12-04
04-12-2025,LYD,23.8879,2025-12-04
04-12-2025,MRU,3.2707,2025-12-04
04-12-2025,SDR,177.2537,2025-12-04
05-12-2025,USD,129.9212,2025-12-05
05-12-2025,EUR,151.5141,2025-12-05
05-12-2025,GBP,173.4596,2025-12-05
05-12-2025,JPY,84.0561,2025-12-05
05-12-2025,CNY,18.3792,2025-12-05
05-12-2025,CHF,161.8653,2025-12-05
05-12-2025,CAD,93.1602,2025-12-05
05-12-2025,DKK,20.2907,2025-12-05
05-12-2025,SEK,13.8036,2025-12-05
05-12-2025,NOK,12.8684,2025-12-05
05-12-2025,AED,35.3735,2025-12-05
05-12-2025,SAR,34.6198,2025-12-05
05-12-2025,KWD,423.2651,2025-12-05
05-12-2025,TND,44.2828,2025-12-05
05-12-2025,MAD,14.087,2025-12-05
05-12-2025,LYD,23.9003,2025-12-05
05-12-2025,MRU,3.2702,2025-12-05
05-12-2025,SDR,177.391,2025-12-05
05-12-2025,USD,129.9212,2025-12-06
05-12-2025,EUR,151.5141,2025-12-06
05-12-2025,GBP,173.4596,2025-12-06
05-12-2025,JPY,84.0561,2025-12-06
05-12-2025,CNY,18.3792,2025-12-06
05-12-2025,CHF,161.8653,2025-12-06
05-12-2025,CAD,93.1602,2025-12-06
05-12-2025,DKK,20.2907,2025-12-06
05-12-2025,SEK,13.8036,2025-12-06
05-12-2025,NOK,12.8684,2025-12-06
05-12-2025,AED,35.3735,2025-12-06
05-12-2025,SAR,34.6198,2025-12-06
05-12-2025,KWD,423.2651,2025-12-06
05-12-2025,TND,44.2828,2025-12-06
05-12-2025,MAD,14.087,2025-12-06
05-12-2025,LYD,23.9003,2025-12-06
05-12-2025,MRU,3.2702,2025-12-06
05-12-2025,SDR,177.391,2025-12-06
05-12-2025,USD,129.9212,2025-12-07
05-12-2025,EUR,151.5141,2025-12-07
05-12-2025,GBP,173.4596,2025-12-07
05-12-2025,JPY,84.0561,2025-12-07
05-12-2025,CNY,18.3792,2025-12-07
05-12-2025,CHF,161.8653,2025-12-07
05-12-2025,CAD,93.1602,2025-12-07
05-12-2025,DKK,20.2907,2025-12-07
05-12-2025,SEK,13.8036,2025-12-07
05-12-2025,NOK,12.8684,2025-12-07
05-12-2025,AED,35.3735,2025-12-07
05-12-2025,SAR,34.6198,2025-12-07
05-12-2025,KWD,423.2651,2025-12-07
05-12-2025,TND,44.2828,2025-12-07
05-12-2025,MAD,14.087,2025-12-07
05-12-2025,LYD,23.9003,2025-12-07
05-12-2025,MRU,3.2702,2025-12-07
05-12-2025,SDR,177.391,2025-12-07
08-12-2025,USD,129.8806,2025-12-08
08-12-2025,EUR,151.5382,2025-12-08
08-12-2025,GBP,173.1511,2025-12-08
08-12-2025,JPY,83.6402,2025-12-08
08-12-2025,CNY,18.3725,2025-12-08
08-12-2025,CHF,161.6738,2025-12-08
08-12-2025,CAD,94.0108,2025-12-08
08-12-2025,DKK,20.278,2025-12-08
08-12-2025,SEK,13.8245,2025-12-08
08-12-2025,NOK,12.8568,2025-12-08
08-12-2025,AED,35.3628,2025-12-08
08-12-2025,SAR,34.6017,2025-12-08
08-12-2025,KWD,423.1328,2025-12-08
08-12-2025,TND,44.2335,2025-12-08
08-12-2025,MAD,14.0664,2025-12-08
08-12-2025,LYD,23.8929,2025-12-08
08-12-2025,MRU,3.2691,2025-12-08
08-12-2025,SDR,177.1018,2025-12-08
09-12-2025,USD,130.014,2025-12-09
09-12-2025,EUR,151.3428,2025-12-09
09-12-2025,GBP,173.3174,2025-12-09
09-12-2025,JPY,83.2756,2025-12-09
09-12-2025,CNY,18.3879,2025-12-09
09-12-2025,CHF,161.2977,2025-12-09
09-12-2025,CAD,93.8357,2025-12-09
09-12-2025,DKK,20.2657,2025-12-09
09-12-2025,SEK,13.8431,2025-12-09
09-12-2025,NOK,12.8355,2025-12-09
09-12-2025,AED,35.3982,2025-12-09
09-12-2025,SAR,34.6427,2025-12-09
09-12-2025,KWD,423.2916,2025-12-09
09-12-2025,TND,44.2526,2025-12-09
09-12-2025,MAD,14.0603,2025-12-09
09-12-2025,LYD,23.924,2025-12-09
09-12-2025,MRU,3.2725,2025-12-09
09-12-2025,SDR,177.2577,2025-12-09
10-12-2025,USD,129.9907,2025-12-10
10-12-2025,EUR,151.4002,2025-12-10
10-12-2025,GBP,173.1824,2025-12-10
10-12-2025,JPY,82.9763,2025-12-10
10-12-2025,CNY,18.4062,2025-12-10
10-12-2025,CHF,161.4892,2025-12-10
10-12-2025,CAD,93.829,2025-12-10
10-12-2025,DKK,20.2668,2025-12-10
10-12-2025,SEK,13.8994,2025-12-10
10-12-2025,NOK,12.8076,2025-12-10
10-12-2025,AED,35.3938,2025-12-10
10-12-2025,SAR,34.6402,2025-12-10
10-12-2025,KWD,423.3536,2025-12-10
10-12-2025,TND,44.2025,2025-12-10
10-12-2025,MAD,14.0563,2025-12-10
10-12-2025,LYD,23.8991,2025-12-10
10-12-2025,MRU,3.2719,2025-12-10
10-12-2025,SDR,177.1609,2025-12-10
11-12-2025,USD,129.7765,2025-12-11
11-12-2025,EUR,151.7931,2025-12-11
11-12-2025,GBP,173.5677,2025-12-11
11-12-2025,JPY,83.2248,2025-12-11
11-12-2025,CNY,18.3821,2025-12-11
11-12-2025,CHF,162.2308,2025-12-11
11-12-2025,CAD,93.8981,2025-12-11
11-12-2025,DKK,20.3233,2025-12-11
11-12-2025,SEK,13.9903,2025-12-11
11-12-2025,NOK,12.84,2025-12-11
11-12-2025,AED,35.3345,2025-12-11
11-12-2025,SAR,34.5813,2025-12-11
11-12-2025,KWD,422.9315,2025-12-11
11-12-2025,TND,44.1222,2025-12-11
11-12-2025,MAD,14.0407,2025-12-11
11-12-2025,LYD,23.8456,2025-12-11
11-12-2025,MRU,3.2665,2025-12-11
11-12-2025,SDR,176.7781,2025-12-11
12-12-2025,USD,129.5736,2025-12-12
12-12-2025,EUR,152.087,2025-12-12
12-12-2025,GBP,173.4122,2025-12-12
12-12-2025,JPY,83.2174,2025-12-12
12-12-2025,CNY,18.3653,2025-12-12
12-12-2025,CHF,162.9857,2025-12-12
12-12-2025,CAD,94.1429,2025-12-12
12-12-2025,DKK,20.3618,2025-12-12
12-12-2025,SEK,14.0013,2025-12-12
12-12-2025,NOK,12.8646,2025-12-12
12-12-2025,AED,35.2812,2025-12-12
12-12-2025,SAR,34.5286,2025-12-12
12-12-2025,KWD,422.5456,2025-12-12
12-12-2025,TND,44.3396,2025-12-12
12-12-2025,MAD,14.0855,2025-12-12
12-12-2025,LYD,23.855,2025-12-12
12-12-2025,MRU,3.2614,2025-12-12
12-12-2025,SDR,177.046,2025-12-12
12-12-2025,USD,129.5736,2025-12-13
12-12-2025,EUR,152.087,2025-12-13
12-12-2025,GBP,173.4122,2025-12-13
12-12-2025,JPY,83.2174,2025-12-13
12-12-2025,CNY,18.3653,2025-12-13
12-12-2025,CHF,162.9857,2025-12-13
12-12-2025,CAD,94.1429,2025-12-13
12-12-2025,DKK,20.3618,2025-12-13
12-12-2025,SEK,14.0013,2025-12-13
12-12-2025,NOK,12.8646,2025-12-13
12-12-2025,AED,35.2812,2025-12-13
12-12-2025,SAR,34.5286,2025-12-13
12-12-2025,KWD,422.5456,2025-12-13
12-12-2025,TND,44.3396,2025-12-13
12-12-2025,MAD,14.0855,2025-12-13
12-12-2025,LYD,23.855,2025-12-13
12-12-2025,MRU,3.2614,2025-12-13
12-12-2025,SDR,177.046,2025-12-13
12-12-2025,USD,129.5736,2025-12-14
12-12-2025,EUR,152.087,2025-12-14
12-12-2025,GBP,173.4122,2025-12-14
12-12-2025,JPY,83.2174,2025-12-14
12-12-2025,CNY,18.3653,2025-12-14
12-12-2025,CHF,162.9857,2025-12-14
12-12-2025,CAD,94.1429,2025-12-14
12-12-2025,DKK,20.3618,2025-12-14
12-12-2025,SEK,14.0013,2025-12-14
12-12-2025,NOK,12.8646,2025-12-14
12-12-2025,AED,35.2812,2025-12-14
12-12-2025,SAR,34.5286,2025-12-14
12-12-2025,KWD,422.5456,2025-12-14
12-12-2025,TND,44.3396,2025-12-14
12-12-2025,MAD,14.0855,2025-12-14
12-12-2025,LYD,23.855,2025-12-14
12-12-2025,MRU,3.2614,2025-12-14
12-12-2025,SDR,177.046,2025-12-14
15-12-2025,USD,129.6027,2025-12-15
15-12-2025,EUR,152.0564,2025-12-15
15-12-2025,GBP,173.1962,2025-12-15
15-12-2025,JPY,83.5069,2025-12-15
15-12-2025,CNY,18.3868,2025-12-15
15-12-2025,CHF,162.6745,2025-12-15
15-12-2025,CAD,94.1504,2025-12-15
15-12-2025,DKK,20.3503,2025-12-15
15-12-2025,SEK,13.9586,2025-12-15
15-12-2025,NOK,12.7881,2025-12-15
15-12-2025,AED,35.2872,2025-12-15
15-12-2025,SAR,34.5414,2025-12-15
15-12-2025,KWD,422.365,2025-12-15
15-12-2025,TND,44.2935,2025-12-15
15-12-2025,MAD,14.0923,2025-12-15
15-12-2025,LYD,23.8604,2025-12-15
15-12-2025,MRU,3.2622,2025-12-15
15-12-2025,SDR,177.1376,2025-12-15
16-12-2025,USD,129.4926,2025-12-16
16-12-2025,EUR,152.225,2025-12-16
16-12-2025,GBP,173.3154,2025-12-16
16-12-2025,JPY,83.6165,2025-12-16
16-12-2025,CNY,18.3877,2025-12-16
16-12-2025,CHF,162.5873,2025-12-16
16-12-2025,CAD,94.0499,2025-12-16
16-12-2025,DKK,20.3815,2025-12-16
16-12-2025,SEK,13.9396,2025-12-16
16-12-2025,NOK,12.7491,2025-12-16
16-12-2025,AED,35.2592,2025-12-16
16-12-2025,SAR,34.5121,2025-12-16
16-12-2025,KWD,422.2815,2025-12-16
16-12-2025,TND,44.318,2025-12-16
16-12-2025,MAD,14.0984,2025-12-16
16-12-2025,LYD,23.8876,2025-12-16
16-12-2025,MRU,3.2594,2025-12-16
16-12-2025,SDR,177.2072,2025-12-16
17-12-2025,USD,129.7069,2025-12-17
17-12-2025,EUR,151.8479,2025-12-17
17-12-2025,GBP,172.7238,2025-12-17
17-12-2025,JPY,83.3726,2025-12-17
17-12-2025,CNY,18.4077,2025-12-17
17-12-2025,CHF,162.4382,2025-12-17
17-12-2025,CAD,94.103,2025-12-17
17-12-2025,DKK,20.3244,2025-12-17
17-12-2025,SEK,13.8914,2025-12-17
17-12-2025,NOK,12.7079,2025-12-17
17-12-2025,AED,35.3185,2025-12-17
17-12-2025,SAR,34.5766,2025-12-17
17-12-2025,KWD,422.5669,2025-12-17
17-12-2025,TND,44.443,2025-12-17
17-12-2025,MAD,14.1548,2025-12-17
17-12-2025,LYD,23.9404,2025-12-17
17-12-2025,MRU,3.2648,2025-12-17
17-12-2025,SDR,177.6302,2025-12-17
18-12-2025,USD,129.5621,2025-12-18
18-12-2025,EUR,152.1189,2025-12-18
18-12-2025,GBP,173.1998,2025-12-18
18-12-2025,JPY,83.0979,2025-12-18
18-12-2025,CNY,18.3997,2025-12-18
18-12-2025,CHF,162.8791,2025-12-18
18-12-2025,CAD,94.0594,2025-12-18
18-12-2025,DKK,20.3466,2025-12-18
18-12-2025,SEK,13.9637,2025-12-18
18-12-2025,NOK,12.6892,2025-12-18
18-12-2025,AED,35.2781,2025-12-18
18-12-2025,SAR,34.5416,2025-12-18
18-12-2025,KWD,422.0952,2025-12-18
18-12-2025,TND,44.3934,2025-12-18
18-12-2025,MAD,14.1461,2025-12-18
18-12-2025,LYD,23.8947,2025-12-18
18-12-2025,MRU,3.2611,2025-12-18
18-12-2025,SDR,177.0173,2025-12-18
19-12-2025,USD,129.7185,2025-12-19
19-12-2025,EUR,151.8485,2025-12-19
19-12-2025,GBP,173.3741,2025-12-19
19-12-2025,JPY,82.7682,2025-12-19
19-12-2025,CNY,18.4229,2025-12-19
19-12-2025,CHF,163.0552,2025-12-19
19-12-2025,CAD,94.0228,2025-12-19
19-12-2025,DKK,20.3252,2025-12-19
19-12-2025,SEK,13.916,2025-12-19
19-12-2025,NOK,12.7301,2025-12-19
19-12-2025,AED,35.3183,2025-12-19
19-12-2025,SAR,34.5838,2025-12-19
19-12-2025,KWD,422.3295,2025-12-19
19-12-2025,TND,44.4135,2025-12-19
19-12-2025,MAD,14.1597,2025-12-19
19-12-2025,LYD,23.9315,2025-12-19
19-12-2025,MRU,3.2651,2025-12-19
19-12-2025,SDR,177.3218,2025-12-19
19-12-2025,USD,129.7185,2025-12-20
19-12-2025,EUR,151.8485,2025-12-20
19-12-2025,GBP,173.3741,2025-12-20
19-12-2025,JPY,82.7682,2025-12-20
19-12-2025,CNY,18.4229,2025-12-20
19-12-2025,CHF,163.0552,2025-12-20
19-12-2025,CAD,94.0228,2025-12-20
19-12-2025,DKK,20.3252,2025-12-20
19-12-2025,SEK,13.916,2025-12-20
19-12-2025,NOK,12.7301,2025-12-20
19-12-2025,AED,35.3183,2025-12-20
19-12-2025,SAR,34.5838,2025-12-20
19-12-2025,KWD,422.3295,2025-12-20
19-12-2025,TND,44.4135,2025-12-20
19-12-2025,MAD,14.1597,2025-12-20
19-12-2025,LYD,23.9315,2025-12-20
19-12-2025,MRU,3.2651,2025-12-20
19-12-2025,SDR,177.3218,2025-12-20
19-12-2025,USD,129.7185,2025-12-21
19-12-2025,EUR,151.8485,2025-12-21
19-12-2025,GBP,173.3741,2025-12-21
19-12-2025,JPY,82.7682,2025-12-21
19-12-2025,CNY,18.4229,2025-12-21
19-12-2025,CHF,163.0552,2025-12-21
19-12-2025,CAD,94.0228,2025-12-21
19-12-2025,DKK,20.3252,2025-12-21
19-12-2025,SEK,13.916,2025-12-21
19-12-2025,NOK,12.7301,2025-12-21
19-12-2025,AED,35.3183,2025-12-21
19-12-2025,SAR,34.5838,2025-12-21
19-12-2025,KWD,422.3295,2025-12-21
19-12-2025,TND,44.4135,2025-12-21
19-12-2025,MAD,14.1597,2025-12-21
19-12-2025,LYD,23.9315,2025-12-21
19-12-2025,MRU,3.2651,2025-12-21
19-12-2025,SDR,177.3218,2025-12-21
22-12-2025,USD,129.6431,2025-12-22
22-12-2025,EUR,152.0455,2025-12-22
22-12-2025,GBP,173.9475,2025-12-22
22-12-2025,JPY,82.3654,2025-12-22
22-12-2025,CNY,18.4214,2025-12-22
22-12-2025,CHF,163.1757,2025-12-22
22-12-2025,CAD,94.0533,2025-12-22
22-12-2025,DKK,20.3606,2025-12-22
22-12-2025,SEK,14.0204,2025-12-22
22-12-2025,NOK,12.8329,2025-12-22
22-12-2025,AED,35.2977,2025-12-22
22-12-2025,SAR,34.5641,2025-12-22
22-12-2025,KWD,422.084,2025-12-22
22-12-2025,TND,44.2944,2025-12-22
22-12-2025,MAD,14.1436,2025-12-22
22-12-2025,LYD,23.9176,2025-12-22
22-12-2025,MRU,3.2632,2025-12-22
22-12-2025,SDR,177.0631,2025-12-22
23-12-2025,USD,129.3998,2025-12-23
23-12-2025,EUR,152.3812,2025-12-23
23-12-2025,GBP,174.5933,2025-12-23
23-12-2025,JPY,82.9513,2025-12-23
23-12-2025,CNY,18.4109,2025-12-23
23-12-2025,CHF,163.6833,2025-12-23
23-12-2025,CAD,94.2117,2025-12-23
23-12-2025,DKK,20.3995,2025-12-23
23-12-2025,SEK,14.0295,2025-12-23
23-12-2025,NOK,12.8257,2025-12-23
23-12-2025,AED,35.2319,2025-12-23
23-12-2025,SAR,34.5002,2025-12-23
23-12-2025,KWD,421.1548,2025-12-23
23-12-2025,TND,44.3029,2025-12-23
23-12-2025,MAD,14.139,2025-12-23
23-12-2025,LYD,23.8467,2025-12-23
23-12-2025,MRU,3.2571,2025-12-23
23-12-2025,SDR,176.912,2025-12-23
24-12-2025,USD,129.3188,2025-12-24
24-12-2025,EUR,152.4863,2025-12-24
24-12-2025,GBP,174.7198,2025-12-24
24-12-2025,JPY,83.0004,2025-12-24
24-12-2025,CNY,18.4345,2025-12-24
24-12-2025,CHF,164.2248,2025-12-24
24-12-2025,CAD,94.5279,2025-12-24
24-12-2025,DKK,20.4134,2025-12-24
24-12-2025,SEK,14.1086,2025-12-24
24-12-2025,NOK,12.9107,2025-12-24
24-12-2025,AED,35.2118,2025-12-24
24-12-2025,SAR,34.4786,2025-12-24
24-12-2025,KWD,420.8911,2025-12-24
24-12-2025,TND,44.3998,2025-12-24
24-12-2025,MAD,14.1802,2025-12-24
24-12-2025,LYD,23.8972,2025-12-24
24-12-2025,MRU,3.255,2025-12-24
24-12-2025,SDR,177.3185,2025-12-24
25-12-2025,USD,129.3767,2025-12-25
25-12-2025,EUR,152.3864,2025-12-25
25-12-2025,GBP,174.8689,2025-12-25
25-12-2025,JPY,83.0003,2025-12-25
25-12-2025,CNY,18.4633,2025-12-25
25-12-2025,CHF,164.1108,2025-12-25
25-12-2025,CAD,94.5667,2025-12-25
25-12-2025,DKK,20.3978,2025-12-25
25-12-2025,SEK,14.0948,2025-12-25
25-12-2025,NOK,12.913,2025-12-25
25-12-2025,AED,35.2247,2025-12-25
25-12-2025,SAR,34.494,2025-12-25
25-12-2025,KWD,421.2167,2025-12-25
25-12-2025,TND,44.4548,2025-12-25
25-12-2025,MAD,14.1942,2025-12-25
25-12-2025,LYD,23.9079,2025-12-25
25-12-2025,MRU,3.2565,2025-12-25
25-12-2025,SDR,177.4108,2025-12-25
26-12-2025,USD,129.3883,2025-12-26
26-12-2025,EUR,152.3612,2025-12-26
26-12-2025,GBP,174.5072,2025-12-26
26-12-2025,JPY,82.7847,2025-12-26
26-12-2025,CNY,18.4626,2025-12-26
26-12-2025,CHF,163.9591,2025-12-26
26-12-2025,CAD,94.6617,2025-12-26
26-12-2025,DKK,20.397,2025-12-26
26-12-2025,SEK,14.0941,2025-12-26
26-12-2025,NOK,12.9164,2025-12-26
26-12-2025,AED,35.2288,2025-12-26
26-12-2025,SAR,34.4971,2025-12-26
26-12-2025,KWD,420.9803,2025-12-26
26-12-2025,TND,44.4924,2025-12-26
26-12-2025,MAD,14.1954,2025-12-26
26-12-2025,LYD,23.9101,2025-12-26
26-12-2025,MRU,3.2568,2025-12-26
26-12-2025,SDR,177.4267,2025-12-26
26-12-2025,USD,129.3883,2025-12-27
26-12-2025,EUR,152.3612,2025-12-27
26-12-2025,GBP,174.5072,2025-12-27
26-12-2025,JPY,82.7847,2025-12-27
26-12-2025,CNY,18.4626,2025-12-27
26-12-2025,CHF,163.9591,2025-12-27
26-12-2025,CAD,94.6617,2025-12-27
26-12-2025,DKK,20.397,2025-12-27
26-12-2025,SEK,14.0941,2025-12-27
26-12-2025,NOK,12.9164,2025-12-27
26-12-2025,AED,35.2288,2025-12-27
26-12-2025,SAR,34.4971,2025-12-27
26-12-2025,KWD,420.9803,2025-12-27
26-12-2025,TND,44.4924,2025-12-27
26-12-2025,MAD,14.1954,2025-12-27
26-12-2025,LYD,23.9101,2025-12-27
26-12-2025,MRU,3.2568,2025-12-27
26-12-2025,SDR,177.4267,2025-12-27
26-12-2025,USD,129.3883,2025-12-28
26-12-2025,EUR,152.3612,2025-12-28
26-12-2025,GBP,174.5072,2025-12-28
26-12-2025,JPY,82.7847,2025-12-28
26-12-2025,CNY,18.4626,2025-12-28
26-12-2025,CHF,163.9591,2025-12-28
26-12-2025,CAD,94.6617,2025-12-28
26-12-2025,DKK,20.397,2025-12-28
26-12-2025,SEK,14.0941,2025-12-28
26-12-2025,NOK,12.9164,2025-12-28
26-12-2025,AED,35.2288,2025-12-28
26-12-2025,SAR,34.4971,2025-12-28
26-12-2025,KWD,420.9803,2025-12-28
26-12-2025,TND,44.4924,2025-12-28
26-12-2025,MAD,14.1954,2025-12-28
26-12-2025,LYD,23.9101,2025-12-28
26-12-2025,MRU,3.2568,2025-12-28
26-12-2025,SDR,177.4267,2025-12-28
29-12-2025,USD,129.4057,2025-12-29
29-12-2025,EUR,152.3494,2025-12-29
29-12-2025,GBP,174.5424,2025-12-29
29-12-2025,JPY,82.9072,2025-12-29
29-12-2025,CNY,18.4631,2025-12-29
29-12-2025,CHF,164.0227,2025-12-29
29-12-2025,CAD,94.5568,2025-12-29
29-12-2025,DKK,20.4062,2025-12-29
29-12-2025,SEK,14.1096,2025-12-29
29-12-2025,NOK,12.9208,2025-12-29
29-12-2025,AED,35.2336,2025-12-29
29-12-2025,SAR,34.5018,2025-12-29
29-12-2025,KWD,421.5856,2025-12-29
29-12-2025,TND,44.5244,2025-12-29
29-12-2025,MAD,14.1973,2025-12-29
29-12-2025,LYD,23.9133,2025-12-29
29-12-2025,MRU,3.2572,2025-12-29
29-12-2025,SDR,177.2565,2025-12-29
30-12-2025,USD,129.4172,2025-12-30
30-12-2025,EUR,152.3111,2025-12-30
30-12-2025,GBP,174.8173,2025-12-30
30-12-2025,JPY,82.9943,2025-12-30
30-12-2025,CNY,18.5133,2025-12-30
30-12-2025,CHF,163.9334,2025-12-30
30-12-2025,CAD,94.5583,2025-12-30
30-12-2025,DKK,20.3938,2025-12-30
30-12-2025,SEK,14.1028,2025-12-30
30-12-2025,NOK,12.9018,2025-12-30
30-12-2025,AED,35.2386,2025-12-30
30-12-2025,SAR,34.5039,2025-12-30
30-12-2025,KWD,420.1176,2025-12-30
30-12-2025,TND,44.484,2025-12-30
30-12-2025,MAD,14.2162,2025-12-30
30-12-2025,LYD,23.9154,2025-12-30
30-12-2025,MRU,3.2575,2025-12-30
30-12-2025,SDR,177.2981,2025-12-30
31-12-2025,USD,129.5679,2025-12-31
31-12-2025,EUR,152.06735,2025-12-31
31-12-2025,GBP,174.1504,2025-12-31
31-12-2025,JPY,82.7249,2025-12-31
31-12-2025,CNY,18.5354,2025-12-31
31-12-2025,CHF,163.29685,2025-12-31
31-12-2025,CAD,94.55785,2025-12-31
31-12-2025,DKK,20.3603,2025-12-31
31-12-2025,SEK,14.0599,2025-12-31
31-12-2025,NOK,12.8699,2025-12-31
31-12-2025,AED,35.27965,2025-12-31
31-12-2025,SAR,34.5487,2025-12-31
31-12-2025,KWD,420.7434,2025-12-31
31-12-2025,TND,44.4571,2025-12-31
31-12-2025,MAD,14.2365,2025-12-31
31-12-2025,LYD,23.92535,2025-12-31
31-12-2025,MRU,3.26125,2025-12-31
31-12-2025,SDR,177.5953,2025-12-31
31-12-2025,USD,129.5679,2026-01-01
31-12-2025,EUR,152.06735,2026-01-01
31-12-2025,GBP,174.1504,2026-01-01
31-12-2025,JPY,82.7249,2026-01-01
31-12-2025,CNY,18.5354,2026-01-01
31-12-2025,CHF,163.29685,2026-01-01
31-12-2025,CAD,94.55785,2026-01-01
31-12-2025,DKK,20.3603,2026-01-01
31-12-2025,SEK,14.0599,2026-01-01
31-12-2025,NOK,12.8699,2026-01-01
31-12-2025,AED,35.27965,2026-01-01
31-12-2025,SAR,34.5487,2026-01-01
31-12-2025,KWD,420.7434,2026-01-01
31-12-2025,TND,44.4571,2026-01-01
31-12-2025,MAD,14.2365,2026-01-01
31-12-2025,LYD,23.92535,2026-01-01
31-12-2025,MRU,3.26125,2026-01-01
31-12-2025,SDR,177.5953,2026-01-01
31-12-2025,USD,129.5679,2026-01-02
31-12-2025,EUR,152.06735,2026-01-02
31-12-2025,GBP,174.1504,2026-01-02
31-12-2025,JPY,82.7249,2026-01-02
31-12-2025,CNY,18.5354,2026-01-02
31-12-2025,CHF,163.29685,2026-01-02
31-12-2025,CAD,94.55785,2026-01-02
31-12-2025,DKK,20.3603,2026-01-02
31-12-2025,SEK,14.0599,2026-01-02
31-12-2025,NOK,12.8699,2026-01-02
31-12-2025,AED,35.27965,2026-01-02
31-12-2025,SAR,34.5487,2026-01-02
31-12-2025,KWD,420.7434,2026-01-02
31-12-2025,TND,44.4571,2026-01-02
31-12-2025,MAD,14.2365,2026-01-02
31-12-2025,LYD,23.92535,2026-01-02
31-12-2025,MRU,3.26125,2026-01-02
31-12-2025,SDR,177.5953,2026-01-02
31-12-2025,USD,129.5679,2026-01-03
31-12-2025,EUR,152.06735,2026-01-03
31-12-2025,GBP,174.1504,2026-01-03
31-12-2025,JPY,82.7249,2026-01-03
31-12-2025,CNY,18.5354,2026-01-03
31-12-2025,CHF,163.29685,2026-01-03
31-12-2025,CAD,94.55785,2026-01-03
31-12-2025,DKK,20.3603,2026-01-03
31-12-2025,SEK,14.0599,2026-01-03
31-12-2025,NOK,12.8699,2026-01-03
31-12-2025,AED,35.27965,2026-01-03
31-12-2025,SAR,34.5487,2026-01-03
31-12-2025,KWD,420.7434,2026-01-03
31-12-2025,TND,44.4571,2026-01-03
31-12-2025,MAD,14.2365,2026-01-03
31-12-2025,LYD,23.92535,2026-01-03
31-12-2025,MRU,3.26125,2026-01-03
31-12-2025,SDR,177.5953,2026-01-03
31-12-2025,USD,129.5679,2026-01-04
31-12-2025,EUR,152.06735,2026-01-04
31-12-2025,GBP,174.1504,2026-01-04
31-12-2025,JPY,82.7249,2026-01-04
31-12-2025,CNY,18.5354,2026-01-04
31-12-2025,CHF,163.29685,2026-01-04
31-12-2025,CAD,94.55785,2026-01-04
31-12-2025,DKK,20.3603,2026-01-04
31-12-2025,SEK,14.0599,2026-01-04
31-12-2025,NOK,12.8699,2026-01-04
31-12-2025,AED,35.27965,2026-01-04
31-12-2025,SAR,34.5487,2026-01-04
31-12-2025,KWD,420.7434,2026-01-04
31-12-2025,TND,44.4571,2026-01-04
31-12-2025,MAD,14.2365,2026-01-04
31-12-2025,LYD,23.92535,2026-01-04
31-12-2025,MRU,3.26125,2026-01-04
31-12-2025,SDR,177.5953,2026-01-04
05-01-2026,USD,129.788,2026-01-05
05-01-2026,EUR,151.6573,2026-01-05
05-01-2026,GBP,174.2004,2026-01-05
05-01-2026,JPY,82.6728,2026-01-05
05-01-2026,CNY,18.5909,2026-01-05
05-01-2026,CHF,163.3375,2026-01-05
05-01-2026,CAD,94.2063,2026-01-05
05-01-2026,DKK,20.3026,2026-01-05
05-01-2026,SEK,14.0489,2026-01-05
05-01-2026,NOK,12.8557,2026-01-05
05-01-2026,AED,35.3357,2026-01-05
05-01-2026,SAR,34.6055,2026-01-05
05-01-2026,KWD,422.2122,2026-01-05
05-01-2026,TND,44.5111,2026-01-05
05-01-2026,MAD,14.2106,2026-01-05
05-01-2026,LYD,23.966,2026-01-05
05-01-2026,MRU,3.2668,2026-01-05
05-01-2026,SDR,177.5985,2026-01-05
06-01-2026,USD,129.5562,2026-01-06
06-01-2026,EUR,152.0796,2026-01-06
06-01-2026,GBP,175.6218,2026-01-06
06-01-2026,JPY,82.9028,2026-01-06
06-01-2026,CNY,18.5624,2026-01-06
06-01-2026,CHF,163.7983,2026-01-06
06-01-2026,CAD,94.1645,2026-01-06
06-01-2026,DKK,20.3531,2026-01-06
06-01-2026,SEK,14.1461,2026-01-06
06-01-2026,NOK,12.9424,2026-01-06
06-01-2026,AED,35.2765,2026-01-06
06-01-2026,SAR,34.5437,2026-01-06
06-01-2026,KWD,421.6638,2026-01-06
06-01-2026,TND,44.3049,2026-01-06
06-01-2026,MAD,14.1306,2026-01-06
06-01-2026,LYD,23.8853,2026-01-06
06-01-2026,MRU,3.261,2026-01-06
06-01-2026,SDR,177.0999,2026-01-06
07-01-2026,USD,129.7706,2026-01-07
07-01-2026,EUR,151.6629,2026-01-07
07-01-2026,GBP,175.1881,2026-01-07
07-01-2026,JPY,82.947,2026-01-07
07-01-2026,CNY,18.568,2026-01-07
07-01-2026,CHF,163.0797,2026-01-07
07-01-2026,CAD,93.8904,2026-01-07
07-01-2026,DKK,20.2976,2026-01-07
07-01-2026,SEK,14.0805,2026-01-07
07-01-2026,NOK,12.8889,2026-01-07
07-01-2026,AED,35.331,2026-01-07
07-01-2026,SAR,34.6032,2026-01-07
07-01-2026,KWD,424.7116,2026-01-07
07-01-2026,TND,44.4923,2026-01-07
07-01-2026,MAD,14.1486,2026-01-07
07-01-2026,LYD,23.9791,2026-01-07
07-01-2026,MRU,3.2664,2026-01-07
07-01-2026,SDR,177.6136,2026-01-07
08-01-2026,USD,129.8228,2026-01-08
08-01-2026,EUR,151.6525,2026-01-08
08-01-2026,GBP,174.6808,2026-01-08
08-01-2026,JPY,82.9248,2026-01-08
08-01-2026,CNY,18.5897,2026-01-08
08-01-2026,CHF,162.8281,2026-01-08
08-01-2026,CAD,93.5694,2026-01-08
08-01-2026,DKK,20.2977,2026-01-08
08-01-2026,SEK,14.1113,2026-01-08
08-01-2026,NOK,12.8573,2026-01-08
08-01-2026,AED,35.3452,2026-01-08
08-01-2026,SAR,34.6194,2026-01-08
08-01-2026,KWD,424.7434,2026-01-08
08-01-2026,TND,44.4553,2026-01-08
08-01-2026,MAD,14.1012,2026-01-08
08-01-2026,LYD,23.956,2026-01-08
08-01-2026,MRU,3.2677,2026-01-08
08-01-2026,SDR,177.5293,2026-01-08
09-01-2026,USD,129.9849,2026-01-09
09-01-2026,EUR,151.3415,2026-01-09
09-01-2026,GBP,174.5115,2026-01-09
09-01-2026,JPY,82.517,2026-01-09
09-01-2026,CNY,18.6181,2026-01-09
09-01-2026,CHF,162.471,2026-01-09
09-01-2026,CAD,93.6896,2026-01-09
09-01-2026,DKK,20.2526,2026-01-09
09-01-2026,SEK,14.0735,2026-01-09
09-01-2026,NOK,12.898,2026-01-09
09-01-2026,AED,35.3893,2026-01-09
09-01-2026,SAR,34.6627,2026-01-09
09-01-2026,KWD,425.2737,2026-01-09
09-01-2026,TND,44.4302,2026-01-09
09-01-2026,MAD,14.1096,2026-01-09
09-01-2026,LYD,23.9661,2026-01-09
09-01-2026,MRU,3.2718,2026-01-09
09-01-2026,SDR,177.6469,2026-01-09
09-01-2026,USD,129.9849,2026-01-10
09-01-2026,EUR,151.3415,2026-01-10
09-01-2026,GBP,174.5115,2026-01-10
09-01-2026,JPY,82.517,2026-01-10
09-01-2026,CNY,18.6181,2026-01-10
09-01-2026,CHF,162.471,2026-01-10
09-01-2026,CAD,93.6896,2026-01-10
09-01-2026,DKK,20.2526,2026-01-10
09-01-2026,SEK,14.0735,2026-01-10
09-01-2026,NOK,12.898,2026-01-10
09-01-2026,AED,35.3893,2026-01-10
09-01-2026,SAR,34.6627,2026-01-10
09-01-2026,KWD,425.2737,2026-01-10
09-01-2026,TND,44.4302,2026-01-10
09-01-2026,MAD,14.1096,2026-01-10
09-01-2026,LYD,23.9661,2026-01-10
09-01-2026,MRU,3.2718,2026-01-10
09-01-2026,SDR,177.6469,2026-01-10
09-01-2026,USD,129.9849,2026-01-11
09-01-2026,EUR,151.3415,2026-01-11
09-01-2026,GBP,174.5115,2026-01-11
09-01-2026,JPY,82.517,2026-01-11
09-01-2026,CNY,18.6181,2026-01-11
09-01-2026,CHF,162.471,2026-01-11
09-01-2026,CAD,93.6896,2026-01-11
09-01-2026,DKK,20.2526,2026-01-11
09-01-2026,SEK,14.0735,2026-01-11
09-01-2026,NOK,12.898,2026-01-11
09-01-2026,AED,35.3893,2026-01-11
09-01-2026,SAR,34.6627,2026-01-11
09-01-2026,KWD,425.2737,2026-01-11
09-01-2026,TND,44.4302,2026-01-11
09-01-2026,MAD,14.1096,2026-01-11
09-01-2026,LYD,23.9661,2026-01-11
09-01-2026,MRU,3.2718,2026-01-11
09-01-2026,SDR,177.6469,2026-01-11
09-01-2026,USD,129.9849,2026-01-12
09-01-2026,EUR,151.3415,2026-01-12
09-01-2026,GBP,174.5115,2026-01-12
09-01-2026,JPY,82.517,2026-01-12
09-01-2026,CNY,18.6181,2026-01-12
09-01-2026,CHF,162.471,2026-01-12
09-01-2026,CAD,93.6896,2026-01-12
09-01-2026,DKK,20.2526,2026-01-12
09-01-2026,SEK,14.0735,2026-01-12
09-01-2026,NOK,12.898,2026-01-12
09-01-2026,AED,35.3893,2026-01-12
09-01-2026,SAR,34.6627,2026-01-12
09-01-2026,KWD,425.2737,2026-01-12
09-01-2026,TND,44.4302,2026-01-12
09-01-2026,MAD,14.1096,2026-01-12
09-01-2026,LYD,23.9661,2026-01-12
09-01-2026,MRU,3.2718,2026-01-12
09-01-2026,SDR,177.6469,2026-01-12
13-01-2026,USD,129.9154,2026-01-13
13-01-2026,EUR,151.5204,2026-01-13
13-01-2026,GBP,174.9349,2026-01-13
13-01-2026,JPY,81.7258,2026-01-13
13-01-2026,CNY,18.6219,2026-01-13
13-01-2026,CHF,162.9034,2026-01-13
13-01-2026,CAD,93.6091,2026-01-13
13-01-2026,DKK,20.277,2026-01-13
13-01-2026,SEK,14.151,2026-01-13
13-01-2026,NOK,12.8859,2026-01-13
13-01-2026,AED,35.3704,2026-01-13
13-01-2026,SAR,34.6423,2026-01-13
13-01-2026,KWD,424.7684,2026-01-13
13-01-2026,TND,44.487,2026-01-13
13-01-2026,MAD,14.1111,2026-01-13
13-01-2026,LYD,23.9532,2026-01-13
13-01-2026,MRU,3.27,2026-01-13
13-01-2026,SDR,177.526,2026-01-13
14-01-2026,USD,129.9966,2026-01-14
14-01-2026,EUR,151.3681,2026-01-14
14-01-2026,GBP,174.6797,2026-01-14
14-01-2026,JPY,81.6639,2026-01-14
14-01-2026,CNY,18.6413,2026-01-14
14-01-2026,CHF,162.222,2026-01-14
14-01-2026,CAD,93.5598,2026-01-14
14-01-2026,DKK,20.2572,2026-01-14
14-01-2026,SEK,14.1122,2026-01-14
14-01-2026,NOK,12.8719,2026-01-14
14-01-2026,AED,35.3925,2026-01-14
14-01-2026,SAR,34.663,2026-01-14
14-01-2026,KWD,425.0339,2026-01-14
14-01-2026,TND,44.4418,2026-01-14
14-01-2026,MAD,14.1169,2026-01-14
14-01-2026,LYD,23.9358,2026-01-14
14-01-2026,MRU,3.2721,2026-01-14
14-01-2026,SDR,177.5199,2026-01-14
15-01-2026,USD,130.0776,2026-01-15
15-01-2026,EUR,151.2543,2026-01-15
15-01-2026,GBP,174.7181,2026-01-15
15-01-2026,JPY,82.0265,2026-01-15
15-01-2026,CNY,18.6608,2026-01-15
15-01-2026,CHF,162.3231,2026-01-15
15-01-2026,CAD,93.5575,2026-01-15
15-01-2026,DKK,20.2429,2026-01-15
15-01-2026,SEK,14.1292,2026-01-15
15-01-2026,NOK,12.8924,2026-01-15
15-01-2026,AED,35.4141,2026-01-15
15-01-2026,SAR,34.6846,2026-01-15
15-01-2026,KWD,425.2987,2026-01-15
15-01-2026,TND,44.4406,2026-01-15
15-01-2026,MAD,14.1257,2026-01-15
15-01-2026,LYD,23.937,2026-01-15
15-01-2026,MRU,3.2741,2026-01-15
15-01-2026,SDR,177.5395,2026-01-15
16-01-2026,USD,130.153,2026-01-16
16-01-2026,EUR,151.1337,2026-01-16
16-01-2026,GBP,174.3393,2026-01-16
16-01-2026,JPY,82.279,2026-01-16
16-01-2026,CNY,18.6787,2026-01-16
16-01-2026,CHF,162.2148,2026-01-16
16-01-2026,CAD,93.6656,2026-01-16
16-01-2026,DKK,20.2269,2026-01-16
16-01-2026,SEK,14.1077,2026-01-16
16-01-2026,NOK,12.8797,2026-01-16
16-01-2026,AED,35.4351,2026-01-16
16-01-2026,SAR,34.7066,2026-01-16
16-01-2026,KWD,425.5452,2026-01-16
16-01-2026,TND,44.349,2026-01-16
16-01-2026,MAD,14.1139,2026-01-16
16-01-2026,LYD,23.9531,2026-01-16
16-01-2026,MRU,3.276,2026-01-16
16-01-2026,SDR,177.5383,2026-01-16
16-01-2026,USD,130.153,2026-01-17
16-01-2026,EUR,151.1337,2026-01-17
16-01-2026,GBP,174.3393,2026-01-17
16-01-2026,JPY,82.279,2026-01-17
16-01-2026,CNY,18.6787,2026-01-17
16-01-2026,CHF,162.2148,2026-01-17
16-01-2026,CAD,93.6656,2026-01-17
16-01-2026,DKK,20.2269,2026-01-17
16-01-2026,SEK,14.1077,2026-01-17
16-01-2026,NOK,12.8797,2026-01-17
16-01-2026,AED,35.4351,2026-01-17
16-01-2026,SAR,34.7066,2026-01-17
16-01-2026,KWD,425.5452,2026-01-17
16-01-2026,TND,44.349,2026-01-17
16-01-2026,MAD,14.1139,2026-01-17
16-01-2026,LYD,23.9531,2026-01-17
16-01-2026,MRU,3.276,2026-01-17
16-01-2026,SDR,177.5383,2026-01-17
16-01-2026,USD,130.153,2026-01-18
16-01-2026,EUR,151.1337,2026-01-18
16-01-2026,GBP,174.3393,2026-01-18
16-01-2026,JPY,82.279,2026-01-18
16-01-2026,CNY,18.6787,2026-01-18
16-01-2026,CHF,162.2148,2026-01-18
16-01-2026,CAD,93.6656,2026-01-18
16-01-2026,DKK,20.2269,2026-01-18
16-01-2026,SEK,14.1077,2026-01-18
16-01-2026,NOK,12.8797,2026-01-18
16-01-2026,AED,35.4351,2026-01-18
16-01-2026,SAR,34.7066,2026-01-18
16-01-2026,KWD,425.5452,2026-01-18
16-01-2026,TND,44.349,2026-01-18
16-01-2026,MAD,14.1139,2026-01-18
16-01-2026,LYD,23.9531,2026-01-18
16-01-2026,MRU,3.276,2026-01-18
16-01-2026,SDR,177.5383,2026-01-18
19-01-2026,USD,130.0718,2026-01-19
19-01-2026,EUR,151.2345,2026-01-19
19-01-2026,GBP,174.1722,2026-01-19
19-01-2026,JPY,82.2901,2026-01-19
19-01-2026,CNY,18.6803,2026-01-19
19-01-2026,CHF,162.7831,2026-01-19
19-01-2026,CAD,93.6105,2026-01-19
19-01-2026,DKK,20.24,2026-01-19
19-01-2026,SEK,14.0913,2026-01-19
19-01-2026,NOK,12.9067,2026-01-19
19-01-2026,AED,35.4169,2026-01-19
19-01-2026,SAR,34.6858,2026-01-19
19-01-2026,KWD,425.2798,2026-01-19
19-01-2026,TND,44.3674,2026-01-19
19-01-2026,MAD,14.1039,2026-01-19
19-01-2026,LYD,23.9381,2026-01-19
19-01-2026,MRU,3.274,2026-01-19
19-01-2026,SDR,177.3885,2026-01-19
20-01-2026,USD,129.7996,2026-01-20
20-01-2026,EUR,151.7228,2026-01-20
20-01-2026,GBP,174.9203,2026-01-20
20-01-2026,JPY,81.9623,2026-01-20
20-01-2026,CNY,18.6476,2026-01-20
20-01-2026,CHF,163.5374,2026-01-20
20-01-2026,CAD,93.7689,2026-01-20
20-01-2026,DKK,20.3082,2026-01-20
20-01-2026,SEK,14.1725,2026-01-20
20-01-2026,NOK,12.9531,2026-01-20
20-01-2026,AED,35.3398,2026-01-20
20-01-2026,SAR,34.6132,2026-01-20
20-01-2026,KWD,424.5286,2026-01-20
20-01-2026,TND,44.3146,2026-01-20
20-01-2026,MAD,14.0802,2026-01-20
20-01-2026,LYD,20.3652,2026-01-20
20-01-2026,MRU,3.2671,2026-01-20
20-01-2026,SDR,177.0173,2026-01-20
21-01-2026,USD,129.6896,2026-01-21
21-01-2026,EUR,151.899,2026-01-21
21-01-2026,GBP,174.2789,2026-01-21
21-01-2026,JPY,82.0977,2026-01-21
21-01-2026,CNY,18.6218,2026-01-21
21-01-2026,CHF,163.8012,2026-01-21
21-01-2026,CAD,93.7301,2026-01-21
21-01-2026,DKK,20.333,2026-01-21
21-01-2026,SEK,14.2194,2026-01-21
21-01-2026,NOK,12.9874,2026-01-21
21-01-2026,AED,35.3089,2026-01-21
21-01-2026,SAR,34.5839,2026-01-21
21-01-2026,KWD,424.4464,2026-01-21
21-01-2026,TND,44.537,2026-01-21
21-01-2026,MAD,14.1397,2026-01-21
21-01-2026,LYD,20.3671,2026-01-21
21-01-2026,MRU,3.2643,2026-01-21
21-01-2026,SDR,177.5546,2026-01-21
22-01-2026,USD,129.7822,2026-01-22
22-01-2026,EUR,151.7219,2026-01-22
22-01-2026,GBP,174.3447,2026-01-22
22-01-2026,JPY,81.714,2026-01-22
22-01-2026,CNY,18.6395,2026-01-22
22-01-2026,CHF,163.3714,2026-01-22
22-01-2026,CAD,93.8988,2026-01-22
22-01-2026,DKK,20.3101,2026-01-22
22-01-2026,SEK,14.2952,2026-01-22
22-01-2026,NOK,13.0578,2026-01-22
22-01-2026,AED,35.3341,2026-01-22
22-01-2026,SAR,34.6086,2026-01-22
22-01-2026,KWD,424.6105,2026-01-22
22-01-2026,TND,44.5467,2026-01-22
22-01-2026,MAD,14.1384,2026-01-22
22-01-2026,LYD,20.4132,2026-01-22
22-01-2026,MRU,3.2667,2026-01-22
22-01-2026,SDR,177.4737,2026-01-22
23-01-2026,USD,129.5853,2026-01-23
23-01-2026,EUR,152.1137,2026-01-23
23-01-2026,GBP,174.879,2026-01-23
23-01-2026,JPY,81.8373,2026-01-23
23-01-2026,CNY,18.6078,2026-01-23
23-01-2026,CHF,163.9802,2026-01-23
23-01-2026,CAD,93.9331,2026-01-23
23-01-2026,DKK,20.3661,2026-01-23
23-01-2026,SEK,14.3763,2026-01-23
23-01-2026,NOK,13.1421,2026-01-23
23-01-2026,AED,35.2854,2026-01-23
23-01-2026,SAR,34.5561,2026-01-23
23-01-2026,KWD,423.9663,2026-01-23
23-01-2026,TND,44.4303,2026-01-23
23-01-2026,MAD,14.1079,2026-01-23
23-01-2026,LYD,20.3599,2026-01-23
23-01-2026,MRU,3.2617,2026-01-23
23-01-2026,SDR,177.0749,2026-01-23
23-01-2026,USD,129.5853,2026-01-24
23-01-2026,EUR,152.1137,2026-01-24
23-01-2026,GBP,174.879,2026-01-24
23-01-2026,JPY,81.8373,2026-01-24
23-01-2026,CNY,18.6078,2026-01-24
23-01-2026,CHF,163.9802,2026-01-24
23-01-2026,CAD,93.9331,2026-01-24
23-01-2026,DKK,20.3661,2026-01-24
23-01-2026,SEK,14.3763,2026-01-24
23-01-2026,NOK,13.1421,2026-01-24
23-01-2026,AED,35.2854,2026-01-24
23-01-2026,SAR,34.5561,2026-01-24
23-01-2026,KWD,423.9663,2026-01-24
23-01-2026,TND,44.4303,2026-01-24
23-01-2026,MAD,14.1079,2026-01-24
23-01-2026,LYD,20.3599,2026-01-24
23-01-2026,MRU,3.2617,2026-01-24
23-01-2026,SDR,177.0749,2026-01-24
23-01-2026,USD,129.5853,2026-01-25
23-01-2026,EUR,152.1137,2026-01-25
23-01-2026,GBP,174.879,2026-01-25
23-01-2026,JPY,81.8373,2026-01-25
23-01-2026,CNY,18.6078,2026-01-25
23-01-2026,CHF,163.9802,2026-01-25
23-01-2026,CAD,93.9331,2026-01-25
23-01-2026,DKK,20.3661,2026-01-25
23-01-2026,SEK,14.3763,2026-01-25
23-01-2026,NOK,13.1421,2026-01-25
23-01-2026,AED,35.2854,2026-01-25
23-01-2026,SAR,34.5561,2026-01-25
23-01-2026,KWD,423.9663,2026-01-25
23-01-2026,TND,44.4303,2026-01-25
23-01-2026,MAD,14.1079,2026-01-25
23-01-2026,LYD,20.3599,2026-01-25
23-01-2026,MRU,3.2617,2026-01-25
23-01-2026,SDR,177.0749,2026-01-25
26-01-2026,USD,129.3217,2026-01-26
26-01-2026,EUR,152.91,2026-01-26
26-01-2026,GBP,176.4761,2026-01-26
26-01-2026,JPY,83.8363,2026-01-26
26-01-2026,CNY,18.587,2026-01-26
26-01-2026,CHF,165.9886,2026-01-26
26-01-2026,CAD,94.4333,2026-01-26
26-01-2026,DKK,20.5014,2026-01-26
26-01-2026,SEK,14.4821,2026-01-26
26-01-2026,NOK,13.2497,2026-01-26
26-01-2026,AED,35.2078,2026-01-26
26-01-2026,SAR,34.4867,2026-01-26
26-01-2026,KWD,423.9361,2026-01-26
26-01-2026,TND,44.416,2026-01-26
26-01-2026,MAD,14.121,2026-01-26
26-01-2026,LYD,20.3184,2026-01-26
26-01-2026,MRU,3.2551,2026-01-26
26-01-2026,SDR,176.7147,2026-01-26
27-01-2026,USD,129.229,2026-01-27
27-01-2026,EUR,153.0395,2026-01-27
27-01-2026,GBP,176.8081,2026-01-27
27-01-2026,JPY,83.5137,2026-01-27
27-01-2026,CNY,18.5755,2026-01-27
27-01-2026,CHF,166.1789,2026-01-27
27-01-2026,CAD,94.1114,2026-01-27
27-01-2026,DKK,20.5354,2026-01-27
27-01-2026,SEK,14.4586,2026-01-27
27-01-2026,NOK,13.21,2026-01-27
27-01-2026,AED,35.1835,2026-01-27
27-01-2026,SAR,34.462,2026-01-27
27-01-2026,KWD,423.6322,2026-01-27
27-01-2026,TND,44.7671,2026-01-27
27-01-2026,MAD,14.2043,2026-01-27
27-01-2026,LYD,20.4645,2026-01-27
27-01-2026,MRU,3.2528,2026-01-27
27-01-2026,SDR,176.588,2026-01-27
28-01-2026,USD,129.1428,2026-01-28
28-01-2026,EUR,154.3386,2026-01-28
28-01-2026,GBP,178.2018,2026-01-28
28-01-2026,JPY,84.5702,2026-01-28
28-01-2026,CNY,18.5941,2026-01-28
28-01-2026,CHF,168.7149,2026-01-28
28-01-2026,CAD,95.0663,2026-01-28
28-01-2026,DKK,20.7375,2026-01-28
28-01-2026,SEK,14.654,2026-01-28
28-01-2026,NOK,13.4415,2026-01-28
28-01-2026,AED,35.1601,2026-01-28
28-01-2026,SAR,34.434,2026-01-28
28-01-2026,KWD,423.7664,2026-01-28
28-01-2026,TND,44.9255,2026-01-28
28-01-2026,MAD,14.2295,2026-01-28
28-01-2026,LYD,20.4612,2026-01-28
28-01-2026,MRU,3.2506,2026-01-28
28-01-2026,SDR,178.1361,2026-01-28
29-01-2026,USD,129.1078,2026-01-29
29-01-2026,EUR,154.3807,2026-01-29
29-01-2026,GBP,178.5724,2026-01-29
29-01-2026,JPY,84.2054,2026-01-29
29-01-2026,CNY,18.5838,2026-01-29
29-01-2026,CHF,168.4052,2026-01-29
29-01-2026,CAD,95.4516,2026-01-29
29-01-2026,DKK,20.7038,2026-01-29
29-01-2026,SEK,14.6522,2026-01-29
29-01-2026,NOK,13.5155,2026-01-29
29-01-2026,AED,35.1505,2026-01-29
29-01-2026,SAR,34.4214,2026-01-29
29-01-2026,KWD,423.6516,2026-01-29
29-01-2026,TND,45.0041,2026-01-29
29-01-2026,MAD,14.2779,2026-01-29
29-01-2026,LYD,20.5584,2026-01-29
29-01-2026,MRU,3.2497,2026-01-29
29-01-2026,SDR,178.6043,2026-01-29
30-01-2026,USD,129.2009,2026-01-30
30-01-2026,EUR,154.2271,2026-01-30
30-01-2026,GBP,177.9627,2026-01-30
30-01-2026,JPY,84.0031,2026-01-30
30-01-2026,CNY,18.5936,2026-01-30
30-01-2026,CHF,168.3729,2026-01-30
30-01-2026,CAD,95.6442,2026-01-30
30-01-2026,DKK,20.6581,2026-01-30
30-01-2026,SEK,14.6082,2026-01-30
30-01-2026,NOK,13.4588,2026-01-30
30-01-2026,AED,35.1797,2026-01-30
30-01-2026,SAR,34.4472,2026-01-30
30-01-2026,KWD,423.9571,2026-01-30
30-01-2026,TND,45.0484,2026-01-30
30-01-2026,MAD,14.2645,2026-01-30
30-01-2026,LYD,20.568,2026-01-30
30-01-2026,MRU,3.2521,2026-01-30
30-01-2026,SDR,178.578,2026-01-30
30-01-2026,USD,129.2009,2026-01-31
30-01-2026,EUR,154.2271,2026-01-31
30-01-2026,GBP,177.9627,2026-01-31
30-01-2026,JPY,84.0031,2026-01-31
30-01-2026,CNY,18.5936,2026-01-31
30-01-2026,CHF,168.3729,2026-01-31
30-01-2026,CAD,95.6442,2026-01-31
30-01-2026,DKK,20.6581,2026-01-31
30-01-2026,SEK,14.6082,2026-01-31
30-01-2026,NOK,13.4588,2026-01-31
30-01-2026,AED,35.1797,2026-01-31
30-01-2026,SAR,34.4472,2026-01-31
30-01-2026,KWD,423.9571,2026-01-31
30-01-2026,TND,45.0484,2026-01-31
30-01-2026,MAD,14.2645,2026-01-31
30-01-2026,LYD,20.568,2026-01-31
30-01-2026,MRU,3.2521,2026-01-31
30-01-2026,SDR,178.578,2026-01-31
30-01-2026,USD,129.2009,2026-02-01
30-01-2026,EUR,154.2271,2026-02-01
30-01-2026,GBP,177.9627,2026-02-01
30-01-2026,JPY,84.0031,2026-02-01
30-01-2026,CNY,18.5936,2026-02-01
30-01-2026,CHF,168.3729,2026-02-01
30-01-2026,CAD,95.6442,2026-02-01
30-01-2026,DKK,20.6581,2026-02-01
30-01-2026,SEK,14.6082,2026-02-01
30-01-2026,NOK,13.4588,2026-02-01
30-01-2026,AED,35.1797,2026-02-01
30-01-2026,SAR,34.4472,2026-02-01
30-01-2026,KWD,423.9571,2026-02-01
30-01-2026,TND,45.0484,2026-02-01
30-01-2026,MAD,14.2645,2026-02-01
30-01-2026,LYD,20.568,2026-02-01
30-01-2026,MRU,3.2521,2026-02-01
30-01-2026,SDR,178.578,2026-02-01
02-02-2026,USD,129.5675,2026-02-02
02-02-2026,EUR,153.6023,2026-02-02
02-02-2026,GBP,177.2833,2026-02-02
02-02-2026,JPY,83.627,2026-02-02
02-02-2026,CNY,18.6373,2026-02-02
02-02-2026,CHF,167.5731,2026-02-02
02-02-2026,CAD,94.9074,2026-02-02
02-02-2026,DKK,20.5686,2026-02-02
02-02-2026,SEK,14.5316,2026-02-02
02-02-2026,NOK,13.3831,2026-02-02
02-02-2026,AED,35.2757,2026-02-02
02-02-2026,SAR,34.5449,2026-02-02
02-02-2026,KWD,424.3246,2026-02-02
02-02-2026,TND,45.0529,2026-02-02
02-02-2026,MAD,14.2633,2026-02-02
02-02-2026,LYD,20.6264,2026-02-02
02-02-2026,MRU,3.2613,2026-02-02
02-02-2026,SDR,179.0459,2026-02-02
02-02-2026,USD,129.5675,2026-02-03
02-02-2026,EUR,153.6023,2026-02-03
02-02-2026,GBP,177.2833,2026-02-03
02-02-2026,JPY,83.627,2026-02-03
02-02-2026,CNY,18.6373,2026-02-03
02-02-2026,CHF,167.5731,2026-02-03
02-02-2026,CAD,94.9074,2026-02-03
02-02-2026,DKK,20.5686,2026-02-03
02-02-2026,SEK,14.5316,2026-02-03
02-02-2026,NOK,13.3831,2026-02-03
02-02-2026,AED,35.2757,2026-02-03
02-02-2026,SAR,34.5449,2026-02-03
02-02-2026,KWD,424.3246,2026-02-03
02-02-2026,TND,45.0529,2026-02-03
02-02-2026,MAD,14.2633,2026-02-03
02-02-2026,LYD,20.6264,2026-02-03
02-02-2026,MRU,3.2613,2026-02-03
02-02-2026,SDR,179.0459,2026-02-03
03-02-2026,USD,129.742,2026-02-04
03-02-2026,EUR,153.2837,2026-02-04
03-02-2026,GBP,177.6801,2026-02-04
03-02-2026,JPY,83.4622,2026-02-04
03-02-2026,CNY,18.7039,2026-02-04
03-02-2026,CHF,166.8922,2026-02-04
03-02-2026,CAD,94.9865,2026-02-04
03-02-2026,DKK,20.523,2026-02-04
03-02-2026,SEK,14.5361,2026-02-04
03-02-2026,NOK,13.4228,2026-02-04
03-02-2026,AED,35.3271,2026-02-04
03-02-2026,SAR,34.597,2026-02-04
03-02-2026,KWD,424.7569,2026-02-04
03-02-2026,TND,44.8391,2026-02-04
03-02-2026,MAD,14.207,2026-02-04
03-02-2026,LYD,20.5368,2026-02-04
03-02-2026,MRU,3.2657,2026-02-04
03-02-2026,SDR,178.7421,2026-02-04
04-02-2026,USD,129.6838,2026-02-05
04-02-2026,EUR,153.4743,2026-02-05
04-02-2026,GBP,178.0638,2026-02-05
04-02-2026,JPY,82.9048,2026-02-05
04-02-2026,CNY,18.6945,2026-02-05
04-02-2026,CHF,167.1399,2026-02-05
04-02-2026,CAD,95.1494,2026-02-05
04-02-2026,DKK,20.5477,2026-02-05
04-02-2026,SEK,14.5902,2026-02-05
04-02-2026,NOK,13.4916,2026-02-05
04-02-2026,AED,35.3073,2026-02-05
04-02-2026,SAR,34.5814,2026-02-05
04-02-2026,KWD,424.5664,2026-02-05
04-02-2026,TND,44.7633,2026-02-05
04-02-2026,MAD,14.1516,2026-02-05
04-02-2026,LYD,20.5139,2026-02-05
04-02-2026,MRU,3.2642,2026-02-05
04-02-2026,SDR,178.1821,2026-02-05
05-02-2026,USD,129.8235,2026-02-06
05-02-2026,EUR,153.2697,2026-02-06
05-02-2026,GBP,176.9677,2026-02-06
05-02-2026,JPY,82.6296,2026-02-06
05-02-2026,CNY,18.7047,2026-02-06
05-02-2026,CHF,167.0186,2026-02-06
05-02-2026,CAD,94.8968,2026-02-06
05-02-2026,DKK,20.5258,2026-02-06
05-02-2026,SEK,14.4558,2026-02-06
05-02-2026,NOK,13.4107,2026-02-06
05-02-2026,AED,35.3454,2026-02-06
05-02-2026,SAR,34.6187,2026-02-06
05-02-2026,KWD,424.7457,2026-02-06
05-02-2026,TND,44.8557,2026-02-06
05-02-2026,MAD,14.1659,2026-02-06
05-02-2026,LYD,20.5425,2026-02-06
05-02-2026,MRU,3.2677,2026-02-06
05-02-2026,SDR,178.4649,2026-02-06
06-02-2026,USD,129.8874,2026-02-07
06-02-2026,EUR,153.1503,2026-02-07
06-02-2026,GBP,176.2022,2026-02-07
06-02-2026,JPY,82.7968,2026-02-07
06-02-2026,CNY,18.7147,2026-02-07
06-02-2026,CHF,167.047,2026-02-07
06-02-2026,CAD,94.8811,2026-02-07
06-02-2026,DKK,20.5075,2026-02-07
06-02-2026,SEK,14.3418,2026-02-07
06-02-2026,NOK,13.3093,2026-02-07
06-02-2026,AED,35.3667,2026-02-07
06-02-2026,SAR,34.6357,2026-02-07
06-02-2026,KWD,424.9547,2026-02-07
06-02-2026,TND,44.8352,2026-02-07
06-02-2026,MAD,14.1547,2026-02-07
06-02-2026,LYD,20.5052,2026-02-07
06-02-2026,MRU,3.2693,2026-02-07
06-02-2026,SDR,178.28,2026-02-07
06-02-2026,USD,129.8874,2026-02-08
06-02-2026,EUR,153.1503,2026-02-08
06-02-2026,GBP,176.2022,2026-02-08
06-02-2026,JPY,82.7968,2026-02-08
06-02-2026,CNY,18.7147,2026-02-08
06-02-2026,CHF,167.047,2026-02-08
06-02-2026,CAD,94.8811,2026-02-08
06-02-2026,DKK,20.5075,2026-02-08
06-02-2026,SEK,14.3418,2026-02-08
06-02-2026,NOK,13.3093,2026-02-08
06-02-2026,AED,35.3667,2026-02-08
06-02-2026,SAR,34.6357,2026-02-08
06-02-2026,KWD,424.9547,2026-02-08
06-02-2026,TND,44.8352,2026-02-08
06-02-2026,MAD,14.1547,2026-02-08
06-02-2026,LYD,20.5052,2026-02-08
06-02-2026,MRU,3.2693,2026-02-08
06-02-2026,SDR,178.28,2026-02-08
06-02-2026,USD,129.8874,2026-02-09
06-02-2026,EUR,153.1503,2026-02-09
06-02-2026,GBP,176.2022,2026-02-09
06-02-2026,JPY,82.7968,2026-02-09
06-02-2026,CNY,18.7147,2026-02-09
06-02-2026,CHF,167.047,2026-02-09
06-02-2026,CAD,94.8811,2026-02-09
06-02-2026,DKK,20.5075,2026-02-09
06-02-2026,SEK,14.3418,2026-02-09
06-02-2026,NOK,13.3093,2026-02-09
06-02-2026,AED,35.3667,2026-02-09
06-02-2026,SAR,34.6357,2026-02-09
06-02-2026,KWD,424.9547,2026-02-09
06-02-2026,TND,44.8352,2026-02-09
06-02-2026,MAD,14.1547,2026-02-09
06-02-2026,LYD,20.5052,2026-02-09
06-02-2026,MRU,3.2693,2026-02-09
06-02-2026,SDR,178.28,2026-02-09
09-02-2026,USD,129.6548,2026-02-10
09-02-2026,EUR,153.628,2026-02-10
09-02-2026,GBP,176.2812,2026-02-10
09-02-2026,JPY,82.754,2026-02-10
09-02-2026,CNY,18.7116,2026-02-10
09-02-2026,CHF,167.6101,2026-02-10
09-02-2026,CAD,95.0061,2026-02-10
09-02-2026,DKK,20.5689,2026-02-10
09-02-2026,SEK,14.4255,2026-02-10
09-02-2026,NOK,13.4259,2026-02-10
09-02-2026,AED,35.299,2026-02-10
09-02-2026,SAR,34.571,2026-02-10
09-02-2026,KWD,424.3325,2026-02-10
09-02-2026,TND,44.758,2026-02-10
09-02-2026,MAD,14.1195,2026-02-10
09-02-2026,LYD,20.4685,2026-02-10
09-02-2026,MRU,3.2635,2026-02-10
09-02-2026,SDR,177.9867,2026-02-10
16-02-2026,USD,129.5267,2026-02-17 06:41:09.912114+00:00
16-02-2026,EUR,153.6317,2026-02-17 06:41:09.912114+00:00
16-02-2026,GBP,176.7318,2026-02-17 06:41:09.912114+00:00
16-02-2026,JPY,84.4813,2026-02-17 06:41:09.912114+00:00
16-02-2026,CNY,18.7485,2026-02-17 06:41:09.912114+00:00
16-02-2026,CHF,168.523,2026-02-17 06:41:09.912114+00:00
16-02-2026,CAD,95.1772,2026-02-17 06:41:09.912114+00:00
16-02-2026,DKK,20.5694,2026-02-17 06:41:09.912114+00:00
16-02-2026,SEK,14.5208,2026-02-17 06:41:09.912114+00:00
16-02-2026,NOK,13.6568,2026-02-17 06:41:09.912114+00:00
16-02-2026,AED,35.2651,2026-02-17 06:41:09.912114+00:00
16-02-2026,SAR,34.5386,2026-02-17 06:41:09.912114+00:00
16-02-2026,KWD,424.469,2026-02-17 06:41:09.912114+00:00
16-02-2026,TND,44.9426,2026-02-17 06:41:09.912114+00:00
16-02-2026,MAD,14.1641,2026-02-17 06:41:09.912114+00:00
16-02-2026,LYD,20.5345,2026-02-17 06:41:09.912114+00:00
16-02-2026,MRU,3.2603,2026-02-17 06:41:09.912114+00:00
16-02-2026,SDR,178.5232,2026-02-17 06:41:09.912114+00:00
17-02-2026,USD,129.6664,2026-02-18 06:44:59.548882+00:00
17-02-2026,EUR,153.3954,2026-02-18 06:44:59.548882+00:00
17-02-2026,GBP,175.9023,2026-02-18 06:44:59.548882+00:00
17-02-2026,JPY,84.658,2026-02-18 06:44:59.548882+00:00
17-02-2026,CNY,18.7688,2026-02-18 06:44:59.548882+00:00
17-02-2026,CHF,168.2887,2026-02-18 06:44:59.548882+00:00
17-02-2026,CAD,95.025,2026-02-18 06:44:59.548882+00:00
17-02-2026,DKK,20.5346,2026-02-18 06:44:59.548882+00:00
17-02-2026,SEK,14.4485,2026-02-18 06:44:59.548882+00:00
17-02-2026,NOK,13.6087,2026-02-18 06:44:59.548882+00:00
17-02-2026,AED,35.3026,2026-02-18 06:44:59.548882+00:00
17-02-2026,SAR,34.575,2026-02-18 06:44:59.548882+00:00
17-02-2026,KWD,424.9268,2026-02-18 06:44:59.548882+00:00
17-02-2026,TND,44.9427,2026-02-18 06:44:59.548882+00:00
17-02-2026,MAD,14.2057,2026-02-18 06:44:59.548882+00:00
17-02-2026,LYD,20.5638,2026-02-18 06:44:59.548882+00:00
17-02-2026,MRU,3.2638,2026-02-18 06:44:59.548882+00:00
17-02-2026,SDR,178.7158,2026-02-18 06:44:59.548882+00:00
18-02-2026,USD,129.6606,2026-02-19 06:43:28.669932+00:00
18-02-2026,EUR,153.4663,2026-02-19 06:43:28.669932+00:00
18-02-2026,GBP,175.8826,2026-02-19 06:43:28.669932+00:00
18-02-2026,JPY,84.3843,2026-02-19 06:43:28.669932+00:00
18-02-2026,CNY,18.7679,2026-02-19 06:43:28.669932+00:00
18-02-2026,CHF,168.1066,2026-02-19 06:43:28.669932+00:00
18-02-2026,CAD,94.9165,2026-02-19 06:43:28.669932+00:00
18-02-2026,DKK,20.5403,2026-02-19 06:43:28.669932+00:00
18-02-2026,SEK,14.436,2026-02-19 06:43:28.669932+00:00
18-02-2026,NOK,13.5964,2026-02-19 06:43:28.669932+00:00
18-02-2026,AED,35.301,2026-02-19 06:43:28.669932+00:00
18-02-2026,SAR,34.5734,2026-02-19 06:43:28.669932+00:00
18-02-2026,KWD,424.6295,2026-02-19 06:43:28.669932+00:00
18-02-2026,TND,44.8404,2026-02-19 06:43:28.669932+00:00
18-02-2026,MAD,14.1932,2026-02-19 06:43:28.669932+00:00
18-02-2026,LYD,20.5629,2026-02-19 06:43:28.669932+00:00
18-02-2026,MRU,3.2636,2026-02-19 06:43:28.669932+00:00
18-02-2026,SDR,178.604,2026-02-19 06:43:28.669932+00:00
19-02-2026,USD,129.8409,2026-02-20 06:37:40.264692+00:00
19-02-2026,EUR,153.1993,2026-02-20 06:37:40.264692+00:00
19-02-2026,GBP,175.3185,2026-02-20 06:37:40.264692+00:00
19-02-2026,JPY,83.6901,2026-02-20 06:37:40.264692+00:00
19-02-2026,CNY,18.794,2026-02-20 06:37:40.264692+00:00
19-02-2026,CHF,168.0898,2026-02-20 06:37:40.264692+00:00
19-02-2026,CAD,94.8748,2026-02-20 06:37:40.264692+00:00
19-02-2026,DKK,20.5047,2026-02-20 06:37:40.264692+00:00
19-02-2026,SEK,14.3931,2026-02-20 06:37:40.264692+00:00
19-02-2026,NOK,13.6556,2026-02-20 06:37:40.264692+00:00
19-02-2026,AED,35.3501,2026-02-20 06:37:40.264692+00:00
19-02-2026,SAR,34.616,2026-02-20 06:37:40.264692+00:00
19-02-2026,KWD,425.0808,2026-02-20 06:37:40.264692+00:00
19-02-2026,TND,44.909,2026-02-20 06:37:40.264692+00:00
19-02-2026,MAD,14.2069,2026-02-20 06:37:40.264692+00:00
19-02-2026,LYD,20.5658,2026-02-20 06:37:40.264692+00:00
19-02-2026,MRU,3.2681,2026-02-20 06:37:40.264692+00:00
19-02-2026,SDR,178.8524,2026-02-20 06:37:40.264692+00:00
20-02-2026,USD,130.0504,2026-02-21 06:25:52.640336+00:00
20-02-2026,EUR,152.8352,2026-02-21 06:25:52.640336+00:00
20-02-2026,GBP,174.8694,2026-02-21 06:25:52.640336+00:00
20-02-2026,JPY,83.6418,2026-02-21 06:25:52.640336+00:00
20-02-2026,CNY,18.8243,2026-02-21 06:25:52.640336+00:00
20-02-2026,CHF,167.5584,2026-02-21 06:25:52.640336+00:00
20-02-2026,CAD,94.9447,2026-02-21 06:25:52.640336+00:00
20-02-2026,DKK,20.4569,2026-02-21 06:25:52.640336+00:00
20-02-2026,SEK,14.3393,2026-02-21 06:25:52.640336+00:00
20-02-2026,NOK,13.5612,2026-02-21 06:25:52.640336+00:00
20-02-2026,AED,35.4076,2026-02-21 06:25:52.640336+00:00
20-02-2026,SAR,34.6741,2026-02-21 06:25:52.640336+00:00
20-02-2026,KWD,425.7666,2026-02-21 06:25:52.640336+00:00
20-02-2026,TND,44.862,2026-02-21 06:25:52.640336+00:00
20-02-2026,MAD,14.2031,2026-02-21 06:25:52.640336+00:00
20-02-2026,LYD,20.5529,2026-02-21 06:25:52.640336+00:00
20-02-2026,MRU,3.2734,2026-02-21 06:25:52.640336+00:00
20-02-2026,SDR,178.6468,2026-02-21 06:25:52.640336+00:00
20-02-2026,USD,130.0504,2026-02-22 06:31:17.252943+00:00
20-02-2026,EUR,152.8352,2026-02-22 06:31:17.252943+00:00
20-02-2026,GBP,174.8694,2026-02-22 06:31:17.252943+00:00
20-02-2026,JPY,83.6418,2026-02-22 06:31:17.252943+00:00
20-02-2026,CNY,18.8243,2026-02-22 06:31:17.252943+00:00
20-02-2026,CHF,167.5584,2026-02-22 06:31:17.252943+00:00
20-02-2026,CAD,94.9447,2026-02-22 06:31:17.252943+00:00
20-02-2026,DKK,20.4569,2026-02-22 06:31:17.252943+00:00
20-02-2026,SEK,14.3393,2026-02-22 06:31:17.252943+00:00
20-02-2026,NOK,13.5612,2026-02-22 06:31:17.252943+00:00
20-02-2026,AED,35.4076,2026-02-22 06:31:17.252943+00:00
20-02-2026,SAR,34.6741,2026-02-22 06:31:17.252943+00:00
20-02-2026,KWD,425.7666,2026-02-22 06:31:17.252943+00:00
20-02-2026,TND,44.862,2026-02-22 06:31:17.252943+00:00
20-02-2026,MAD,14.2031,2026-02-22 06:31:17.252943+00:00
20-02-2026,LYD,20.5529,2026-02-22 06:31:17.252943+00:00
20-02-2026,MRU,3.2734,2026-02-22 06:31:17.252943+00:00
20-02-2026,SDR,178.6468,2026-02-22 06:31:17.252943+00:00
20-02-2026,USD,130.0504,2026-02-23 06:48:41.562615+00:00
20-02-2026,EUR,152.8352,2026-02-23 06:48:41.562615+00:00
20-02-2026,GBP,174.8694,2026-02-23 06:48:41.562615+00:00
20-02-2026,JPY,83.6418,2026-02-23 06:48:41.562615+00:00
20-02-2026,CNY,18.8243,2026-02-23 06:48:41.562615+00:00
20-02-2026,CHF,167.5584,2026-02-23 06:48:41.562615+00:00
20-02-2026,CAD,94.9447,2026-02-23 06:48:41.562615+00:00
20-02-2026,DKK,20.4569,2026-02-23 06:48:41.562615+00:00
20-02-2026,SEK,14.3393,2026-02-23 06:48:41.562615+00:00
20-02-2026,NOK,13.5612,2026-02-23 06:48:41.562615+00:00
20-02-2026,AED,35.4076,2026-02-23 06:48:41.562615+00:00
20-02-2026,SAR,34.6741,2026-02-23 06:48:41.562615+00:00
20-02-2026,KWD,425.7666,2026-02-23 06:48:41.562615+00:00
20-02-2026,TND,44.862,2026-02-23 06:48:41.562615+00:00
20-02-2026,MAD,14.2031,2026-02-23 06:48:41.562615+00:00
20-02-2026,LYD,20.5529,2026-02-23 06:48:41.562615+00:00
20-02-2026,MRU,3.2734,2026-02-23 06:48:41.562615+00:00
20-02-2026,SDR,178.6468,2026-02-23 06:48:41.562615+00:00
23-02-2026,USD,129.7479,2026-02-24 06:42:47.077317+00:00
23-02-2026,EUR,153.414,2026-02-24 06:42:47.077317+00:00
23-02-2026,GBP,175.4536,2026-02-24 06:42:47.077317+00:00
23-02-2026,JPY,83.9575,2026-02-24 06:42:47.077317+00:00
23-02-2026,CNY,18.7805,2026-02-24 06:42:47.077317+00:00
23-02-2026,CHF,167.9476,2026-02-24 06:42:47.077317+00:00
23-02-2026,CAD,94.9144,2026-02-24 06:42:47.077317+00:00
23-02-2026,DKK,20.5294,2026-02-24 06:42:47.077317+00:00
23-02-2026,SEK,14.3705,2026-02-24 06:42:47.077317+00:00
23-02-2026,NOK,13.6213,2026-02-24 06:42:47.077317+00:00
23-02-2026,AED,35.3243,2026-02-24 06:42:47.077317+00:00
23-02-2026,SAR,34.5879,2026-02-24 06:42:47.077317+00:00
23-02-2026,KWD,424.9154,2026-02-24 06:42:47.077317+00:00
23-02-2026,TND,44.6883,2026-02-24 06:42:47.077317+00:00
23-02-2026,MAD,14.1447,2026-02-24 06:42:47.077317+00:00
23-02-2026,LYD,20.5051,2026-02-24 06:42:47.077317+00:00
23-02-2026,MRU,3.2658,2026-02-24 06:42:47.077317+00:00
23-02-2026,SDR,178.1275,2026-02-24 06:42:47.077317+00:00
24-02-2026,USD,129.9398,2026-02-25 06:46:01.840563+00:00
24-02-2026,EUR,153.0301,2026-02-25 06:46:01.840563+00:00
24-02-2026,GBP,175.121,2026-02-25 06:46:01.840563+00:00
24-02-2026,JPY,83.2654,2026-02-25 06:46:01.840563+00:00
24-02-2026,CNY,18.8607,2026-02-25 06:46:01.840563+00:00
24-02-2026,CHF,167.5778,2026-02-25 06:46:01.840563+00:00
24-02-2026,CAD,94.8224,2026-02-25 06:46:01.840563+00:00
24-02-2026,DKK,20.4904,2026-02-25 06:46:01.840563+00:00
24-02-2026,SEK,14.3244,2026-02-25 06:46:01.840563+00:00
24-02-2026,NOK,13.5735,2026-02-25 06:46:01.840563+00:00
24-02-2026,AED,35.3761,2026-02-25 06:46:01.840563+00:00
24-02-2026,SAR,34.6359,2026-02-25 06:46:01.840563+00:00
24-02-2026,KWD,425.2653,2026-02-25 06:46:01.840563+00:00
24-02-2026,TND,44.8347,2026-02-25 06:46:01.840563+00:00
24-02-2026,MAD,14.1561,2026-02-25 06:46:01.840563+00:00
24-02-2026,LYD,20.5658,2026-02-25 06:46:01.840563+00:00
24-02-2026,MRU,3.2706,2026-02-25 06:46:01.840563+00:00
24-02-2026,SDR,178.5598,2026-02-25 06:46:01.840563+00:00
